Report	Description	Product	Report Analyst	Associated ask channel	Category	Support Domain	key	Product Requirement	Rank	Product PM	Associated Product	Associated Suite	Assignment Confident Level
1099 Review	The 1099 Review report is designed to help you audit your vendor 1099 information. The report can help you determine if any required 1099 information is missing in addition to allowing you to review payment amounts and dates.	Reports (AP GL & Facilities)	Kolby Henry	#ask-reporting-ap	Accounting	Core (AP)	1099_review	Entrata Core		Conner Dalton	Financial Operations - Payments	Property Ops Experience	
5% BAH Payback	This report will provide details pertaining to residents and their BAH rates, in order to participate in the 5% give back program.	Reports (AR & Payments)	Jessica Miller & Aasawari Naigaonkar	#ask-reporting-ar	Operations	Reports	5%_bah_payback	Entrata Military			Resident Operations - Sub-Vertical - Military	Property Ops Experience	
Account Tree Trial Balance Comparison	This report is very similar to our standard Trial Balance report but displays two additional columns to show which Child Tree accounts are mapped to the Master Accounts.	Reports (AP GL & Facilities)	Kolby Henry	#ask-reporting-ap	Accounting	Core (AP)	account_tree_trial_balance_comparison	No Product Requirement			Financial Operations - General Accounting	Property Ops Experience	
Account Verification	This report will show when Resident Account Verification detects an invalid account number and prevents a resident from making an echeck payment on the Resident Portal.	Reports (AR & Payments)	Jessica Miller & Aasawari Naigaonkar	#ask-reporting-ar	Payments	Reports	account_verification	ResidentPortal, ResidentPay				N/A	
Accruals	This report provides the purchase order details of each accrual journal entry for the period selected.	Reports (AP GL & Facilities)	Kolby Henry	#ask-reporting-ap	Accounting	Reports	accruals	Entrata Core			Financial Operations - General Accounting	Property Ops Experience	
Activity Log	The Activity Log report will show the activity of a resident/lead, as shown in their Activity Log, over a given period of time.	Reports (PaaS)	Kolby Henry	#ask-reporting-paas	System	Reports	activity_log	Entrata Core, LeaseExecution, LeadManager, Entrata Affordable, Entrata Commercial			Shared Libraries and Services (PaaS)	Product Tech (Ops & Site Reliability & SDET)	
Activity Log Transfer	The Migrations Activity Log Transfer Report is an internal report that can help you in validating activity logs transfers and imports. This report will be used when migrating sites into entrata that include either a PDM Tool transfer or an activity csv import.	Reports (PaaS)	Kolby Henry	#ask-reporting-paas	Migrations	Reports	activity_log_transfer	No Product Requirement			Shared Libraries and Services (PaaS)	Product Tech (Ops & Site Reliability & SDET)	
Add Ons	This report will allow you to track and manage your add ons (rentable items, assignable items, and services) by reporting summary occupancy statuses and showing individual add-on item details. Currently, no required permissions are need to use this report.	Reports (AR & Payments)	Jessica Miller & Aasawari Naigaonkar	#ask-reporting-ar	Operations	Reports	add_ons	No Product Requirement			Asset Operations - Configurations	Property Ops Experience	
Allocations	The Allocations report details how resident receipts and other credits/concessions are allocated against charges and delinquencies. This information is useful for ensuring the appropriate accounting of all collections and analyzing overall collections.	Reports (AP GL & Facilities)	Kolby Henry	#ask-reporting-ap	Accounting	Core (AP)	allocations	Entrata Core			Financial Operations - Customer Transactions	Property Ops Experience	
Amenities	This report will provide a detailed view of property, floor plan, and unit space amenity rent types that have been created within the selected properties. This report also allows you to view which residents and/or prospects that are associated to each amenity rent type listed. Currently, only clients that have Entrata Core can use this report.	Reports (AR & Payments)	Jessica Miller & Aasawari Naigaonkar	#ask-reporting-ar	Operations	Reports	amenities	No Product Requirement			Asset Operations - Configurations	Property Ops Experience	
Amenity Reservations	This report shows information regarding the reservation of reservable (property-level) amenities and should match what is found under Residents >> Communities >> Reservations.	Reports (AR & Payments)	Jessica Miller & Aasawari Naigaonkar	#ask-reporting-ar	Operations	Reports	amenity_reservations	No Product Requirement			Asset Operations - Configurations	Property Ops Experience	
Annual Recertification	The Annual Recertifications report provides you with a list of all HUD tenants that are nearing or going through the Annual Recertification process by showing you the progress of any notices sent and tenant response dates. This report requires the use of the Entrata Affordable product.	Reports (AR & Payments)	Jessica Miller & Aasawari Naigaonkar	#ask-reporting-ar	Operations	Reports	annual_recertification	Entrata Affordable			Resident Operations - Sub-Vertical - Affordable	Property Ops Experience	
Answered Call Distribution	The Answered Call Distribution report shows the breakdown of calls taken by the Leasing Center in comparison to the  onsite staff. Must have Leasing Center to run report.	Reports (PaaS)	Kolby Henry	#ask-reporting-paas	Leasing	Reports	answered_call_distribution	CallTracking, Leasing Center			Call Tracking	Tech-Enabled Services	
AP Aging	The AP Aging report lists all open vendor invoices and organizes the invoice balances according to the number of days the invoice is outstanding. This report is useful for analyzing the aging of the accounts payable balance. The AP Aging report details the accounts payable subsidiary ledger.	Reports (AP GL & Facilities)	Kolby Henry	#ask-reporting-ap	Accounting	Core (AP)	ap_aging	Entrata Core	11-20		Financial Operations - Invoices	Property Ops Experience	
AP Payment Register	The AP Payment Register allows you to review payments that have been made along with the invoices and vendors that are associated to those payments.	Reports (AP GL & Facilities)	Kolby Henry	#ask-reporting-ap	Accounting	Core (AP)	ap_payment_register	Entrata Core	21-30		Financial Operations - Payments	Property Ops Experience	
AP Payment Register (Consolidate By)	AP Payment Register (Consolidate By)	Reports (AP GL & Facilities)	Kolby Henry	#ask-reporting-ap	Accounting	Core (AP)	ap_payment_register_consolidate_by	No Product Requirement				N/A	
Application Abandon Points	The Application Abandon Points report will show real-time abandoned points for applications started in within the period selected. It will help properties to target two main goals: identify stopping points in the application and help identify leads that may need follow-up.	Reports (PaaS)	Kolby Henry	#ask-reporting-paas	Leasing	Reports	online_applications_abandon_points	No Product Requirement			Online Application	Leasing	
Application Data	This report gives a high level summary of various statuses of leads/applicants who have gone through the application process starting from guest card created to lease approved. Currently all clients (core and integrated) can use this report. Report excludes Other Income profiles.	Reports (PaaS)	Kolby Henry	#ask-reporting-paas	Operations	Reports	application_data	No Product Requirement			Online Application	Leasing	
Application Detail	The Application Detail report displays details for each application in the selected period filter. Because it is based on application and not applicants only the primary applicant name will show. Report excludes Other Income profiles.	Reports (PaaS)	Kolby Henry	#ask-reporting-paas	Leasing	Reports	application_detail	No Product Requirement			Online Application	Leasing	
Application Progress Summary	The Application Progress Summary Report will track how well leads are progressing through the application process and will help you to identify whether the progress is made in-office or online. The report bases its metrics on the number of started applications. This means that Started Applications will equal Abandoned Applications plus Lost Applications plus Completed Applications.No product requirements are necessary to use this report.	Reports (PaaS)	Kolby Henry	#ask-reporting-paas	Leasing	Reports	online_applications	No Product Requirement			Online Application	Leasing	
Application Status	This report is only available to Entrata Users. It is not intended for client use. The report will provide detailed information on applications. Dates for each status change will be noted. Report excludes Other Income profiles.	Reports (PaaS)	Kolby Henry	#ask-reporting-paas	Leasing	Reports	application_status	No Product Requirement			Online Application	Leasing	
AR Bank Deposit Allocations	The AR Bank Deposit Allocations report allows you to see a list of AR bank deposits broken down by the different charge code allocations.	Reports (AP GL & Facilities)	Kolby Henry	#ask-reporting-ap	Accounting	Reports	ar_bank_deposit_allocations	No Product Requirement			Financial Operations - Customer Transactions	Property Ops Experience	
AR Bank Deposits	The AR Bank Deposits report provides a list of AR bank deposits made during the selected period. The report is summarized by default but can be filtered to display detailed information for each deposit.	Reports (AP GL & Facilities)	Kolby Henry	#ask-reporting-ap	Accounting	Reports	ar_bank_deposits	Entrata Core	21-30		Financial Operations - Customer Transactions	Property Ops Experience	
AR Details	AR Details	Reports (AR & Payments)	Jessica Miller & Aasawari Naigaonkar	#ask-reporting-ar	System	Reports	ar_details	No Product Requirement				N/A	
AR Ledger Details	The AR Ledger Details report shows the Ledger details from accounts receivable.	Reports (AR & Payments)	Jessica Miller & Aasawari Naigaonkar	#ask-reporting-ar	System	Reports	ar_ledger_details	No Product Requirement				N/A	
Asset Tracking	The Asset Tracking report allows you to track both the location and the condition of your company/property assets.	Reports (AP GL & Facilities)	Kolby Henry	#ask-reporting-ap	Accounting	Core (AP)	asset_tracking	Entrata Core			Asset Operations - Asset Optimization	Property Ops Experience	
Asset Valuation	The Asset Valuation report allows you to track information about the company/property physical assets, including location and condition.	Reports (AP GL & Facilities)	Kolby Henry	#ask-reporting-ap	Accounting	Core (AP)	asset_valuation	Entrata Core			Financial Operations - General Accounting	Property Ops Experience	
Availability	This report provides a listing of units that are currently available to be leased to potential residents. This report should be beneficial to leasing agents (on a daily basis) to allow them to identify available units when meeting with leads or existing households looking to transfer. Currently, all clients (core and integrated) can use this report. For larger texts on PDF downloads please remove disabled columns.	Reports (PaaS)	Kolby Henry	#ask-reporting-paas	Operations	Reports	availability	No Product Requirement	6-10		Marketing Strategy Hub	Marketing	
Availability Alert	The purpose of this report is to see a snapshot of leads signed up for availability alerts, the floor plan they signed up for, and the dates they are scheduled to receive the emails for.	Reports (PaaS)	Kolby Henry	#ask-reporting-paas	Marketing	Reports	availability_alert	No Product Requirement			Online Application	Leasing	
Balance Sheet	The Balance Sheet report is a financial statement used by investors and owners to help them understand what their company owns, what their company owes, and what has been invested. The Balance Sheet lists a company's assets, liabilities, and equity at a particular point in time, detailing the balance of income and expenditure over the preceding period.	Reports (AP GL & Facilities)	Kolby Henry	#ask-reporting-ap	Accounting	Core (AP)	balance_sheet	Entrata Core	11-20		Financial Operations - General Accounting	Property Ops Experience	
Balance Sheet by Property	The Balance Sheet by Property report mimics the traditional Balance Sheet report but allows you to see GL account balances broken down by property.	Reports (AP GL & Facilities)	Kolby Henry	#ask-reporting-ap	Accounting	Core (AP)	balance_sheet_by_property	Entrata Core			Financial Operations - General Accounting	Property Ops Experience	
Balance Sheet Trailing	The Balance Sheet Report displays the account balances for balance sheet accounts, as of the end of the user defined post month.  The report summarizes the assets, liabilities, and equity of an organization with the ability to report in a trailing format.	Reports (AP GL & Facilities)	Kolby Henry	#ask-reporting-ap	Accounting	Core (AP)	balance_sheet_trailing	Entrata Core			Financial Operations - General Accounting	Property Ops Experience	
Bank Accounts	Bank Accounts	Reports (AP GL & Facilities)	Kolby Henry	#ask-reporting-ap	Accounting	Core (AP)	bank_accounts	Entrata Core			Financial Operations - Payments	Property Ops Experience	
Bank Reconciliation	The Bank Reconciliation report provides an overview of completed bank reconciliations.	Reports (AP GL & Facilities)	Kolby Henry	#ask-reporting-ap	Accounting	Core (AP)	bank_reconciliation	No Product Requirement			Financial Operations - Payments	Property Ops Experience	
Bank Register	The Bank Register report allows you to see all cash transactions for a property. Using the filters, you can select which bank accounts & transaction types (AR Deposits, Vendor Payments, or Journal Entries) you want to view for the selected period.	Reports (AP GL & Facilities)	Kolby Henry	#ask-reporting-ap	Accounting	Core (AP)	bank_register	Entrata Core			Financial Operations - Payments	Property Ops Experience	
Batch Processing	The Batch Processing report provides details into resident payments that have been processed within Entrata.	Reports (AR & Payments)	Jessica Miller & Aasawari Naigaonkar	#ask-reporting-ar	Payments	Reports	batch_processing_new	No Product Requirement			Financial Operations - Payments	Property Ops Experience	
Billbacks	The Billbacks report displays all billback type Due To/Due From transactions that have been processed for the user-defined period.	Reports (AP GL & Facilities)	Kolby Henry	#ask-reporting-ap	Accounting	Core (AP)	billbacks	No Product Requirement			Financial Operations - General Accounting	Property Ops Experience	
Billing Account Invoice Details	The Billing Account Invoice Details report will show detailed accounts of invoices received during a period for each account.	Reports (AR & Payments)	Jessica Miller & Aasawari Naigaonkar	#ask-reporting-ar	System	Reports	billing_account_invoice_detail	No Product Requirement				N/A	
Billing Account Invoices	The Billing Account Invoices report will show the invoices received during a period for each account or property.	Reports (AR & Payments)	Jessica Miller & Aasawari Naigaonkar	#ask-reporting-ar	System	Reports	billing_accounts_invoices	No Product Requirement				N/A	
Billing Accounts Aging	Billing Accounts Aging Report	Reports (AR & Payments)	Jessica Miller & Aasawari Naigaonkar	#ask-reporting-ar	System	Reports	billing_accounts_aging	No Product Requirement				N/A	
Billing Recipients	The purpose of this report is to show if a resident is opted in to receive emailed or mailed utility invoices.	Reports (AR & Payments)	Jessica Miller & Aasawari Naigaonkar	#ask-reporting-ar	Utilities	Reports	billing_recipients	ResidentUtility				N/A	
Box Score	The Box Score provides key property performance data points pertaining to unit availability, lease activity, lead traffic, and make readies. Please note that when tying the report numbers out to other reports the Lead Activity and Lead Conversion datasets are based on activity performed in the period. The report excludes Other Income profiles.	Reports (PaaS)	Kolby Henry	#ask-reporting-paas	Operations	Reports	box_score	Entrata Core, LeaseExecution, LeadManager	1-5			N/A	
Box Score - Insert Data	This report is to insert pre-aggregated data into newly created tables.	Reports (PaaS)	Kolby Henry	#ask-reporting-paas	Operations	Reports	box_score_insert_data	Entrata Core, LeaseExecution, LeadManager				N/A	
Box Score - Prior Month	This report only gives prior month data which will be pre-aggregated.	Reports (PaaS)	Kolby Henry	#ask-reporting-paas	Operations	Reports	box_score_aggregated_data	Entrata Core, LeaseExecution, LeadManager				N/A	
Budget	The Budget report displays the budgeted amounts for each GL Account in each period of the selected budget(s).	Reports (AP GL & Facilities)	Kolby Henry	#ask-reporting-ap	Accounting	Core (AP)	budget	Entrata Core, Entrata Commercial			Asset Operations - Budgeting and Job Costing	Property Ops Experience	
Budget by Property	The Budget by Property report gives users budget figures for multiple properties in a "by property" format.	Reports (AP GL & Facilities)	Kolby Henry	#ask-reporting-ap	Accounting	Core (AP)	budget_by_property	Entrata Core			Asset Operations - Budgeting and Job Costing	Property Ops Experience	
Budget Comparison	This report is designed to help clients create a budget for the next year. It combines aspects of the Income Statement Budget vs Actual and the Budget report along with other additions like per unit budget.Â 	Reports (AP GL & Facilities)	Kolby Henry	#ask-reporting-ap	Accounting	Core (AP)	budget_comparison_report	No Product Requirement			Asset Operations - Budgeting and Job Costing	Property Ops Experience	
Buildings And Units	The Buildings and Units report will provide you with a detailed listing of Buildings and Units to ensure that each are appropriately set up within Entrata. This is a report that would best be used after migration and before the client uses Entrata for leasing, again to ensure all setup was completed appropriately and accurately. Currently, there are no required permissions to use this report.	Reports (AR & Payments)	Jessica Miller & Aasawari Naigaonkar	#ask-reporting-ar	Operations	Reports	buildings_and_units	No Product Requirement			Asset Operations - Configurations	Property Ops Experience	
Bulk Monthly Reconciliation Summary	Shows summary data from the Monthly Reconciliation Report with multiple properties at the same time.  Also included are variance errors.	Reports (AR & Payments)	Jessica Miller & Aasawari Naigaonkar	#ask-reporting-ar	Operations	Reports	bulk_monthly_reconciliation	Entrata Core				N/A	
Bulk Unit Assignment Progress	The purpose of this report is to allow managers to see their progress that their properties have made in regards to the BUA, and allow them to see it for each different lease term.	Reports (PaaS)	Kolby Henry	#ask-reporting-paas	Operations	Reports	bulk_unit_assignment_progress	Entrata Core			Entrata Student	N/A	
Call Caps Volume Summary	A report to show an overview of call cap information for those with Leasing Center Contracts and their current call volume.	Reports (PaaS)	Kolby Henry	#ask-reporting-paas	Communications	Reports	call_caps_volume_summary	No Product Requirement			Leasing Center	Tech-Enabled Services	
Call Center Maintenance Calls	The Call Center Maintenance Calls report shows the count of maintenance related calls received by the leasing center. The report has two sections. The Call Center Maintenance Calls section displays a count by type; maintenance calls, maintenance emergency calls, work orders. The Calls by Hour section displays all calls received by hour of the day and includes a total call count.	Reports (AP GL & Facilities)	Kolby Henry	#ask-reporting-ap	Maintenance	Reports	call_center_maintenance_calls	No Product Requirement			Asset Operations - Facilities Management	Property Ops Experience	
Call Distribution	The Call Distribution report helps you analyze the distribution of your calls; when they came in (by day and hour), what type of caller it was, whether it was answered or missed, and more. For those using the Leasing Center product, extra datasets are available to analyze its effectiveness.	Reports (PaaS)	Kolby Henry	#ask-reporting-paas	Communications	Reports	call_distribution	No Product Requirement			Leasing Center	Tech-Enabled Services	
Call Pathway	The Call Pathway report shows where calls are ending both answered and unanswered. The report shows the path the call has taken from greeting to leasing center.	Reports (PaaS)	Kolby Henry	#ask-reporting-paas	Communications	Reports	call_pathway	CallTracking, Leasing Center			Leasing Center	Tech-Enabled Services	
Call Performance	The Call Performance Report shows the ranking and performance of agents and properties how they compare to against the rest of the portfolio.  Must have Call Analysis to run this report.	Reports (PaaS)	Kolby Henry	#ask-reporting-paas	Communications	Reports	call_performance	CallAnalysis			Leasing Center	Tech-Enabled Services	
Call Tracker Calls By Result	The Call Tracker Calls By Result report shows a break down of what calls have been received within Call Tracker and their results as of the selected time period.	Reports (PaaS)	Kolby Henry	#ask-reporting-paas	Communications	Reports	call_tracker_calls_by_result	CallTracking			Leasing Center	Tech-Enabled Services	
Call Tracking Summary	The Call Tracking Summary Report shows you an overview of how many calls you are getting per lead source/vanity number.  The Report will also break down Cost per lead (manually enter your lead source costs in settings) and give a total number of calls received for the month.	Reports (PaaS)	Kolby Henry	#ask-reporting-paas	Communications	Reports	call_tracking_summary	CallTracking, Leasing Center			Leasing Center	Tech-Enabled Services	
CallAnalysis Audit	This report will show an individual line for each call, the evaluation result of the call (stating if it is elgible to be scored), and the score it received. This report can be grouped by leasing agent or property.	Reports (PaaS)	Kolby Henry	#ask-reporting-paas	Communications	Reports	callanalysis_audit	No Product Requirement			Leasing Center	Tech-Enabled Services	
CallAnalysis Results	The CallAnalysis Results report will give an overview of the call results from call analysis. It will shows what the Leasing Center graders finished, evaluated and analyzed. (This report is only looking at Call Analysis calls and will not tie out to other call tracker reports.) Must have CallAnalysis to run this report. This report only considers Lead calls	Reports (PaaS)	Kolby Henry	#ask-reporting-paas	Communications	Reports	callanalysis_results	CallAnalysis			Leasing Center	Tech-Enabled Services	
CallAnalysis Scorecard	The Call Analysis scorecard report shows the performance of a property based on the score they receive in Call Analysis.Must have Call Analysis product to run this report	Reports (PaaS)	Kolby Henry	#ask-reporting-paas	Communications	Reports	callanalysis_scorecard	CallAnalysis			Leasing Center	Tech-Enabled Services	
Carvajal Transactions	This report allows you to see all transactions that are being sent to and back from the Mexican Government (Carvajal) in order to track the transmissions of invoices (charges) and receipts (payments) to and from Carvajal.	Reports (AR & Payments)	Jessica Miller & Aasawari Naigaonkar	#ask-reporting-ar	Operations	Reports	carvajal_transactions	Entrata Core			-- Entrata International	N/A	
Cash Balance Summary	The Cash Balance Summary report provides you insight into current cash balances based on current information related to cash deposits, payments in transit, checks written, and outstanding payables.	Reports (AP GL & Facilities)	Kolby Henry	#ask-reporting-ap	Accounting	Core (AP)	cash_balance_summary	Entrata Core			Financial Operations - General Accounting	Property Ops Experience	
Cash Flow Statement	The Cash Flow Statement details the net change in cash during the user defined period. This report is helpful in analyzing the sources and uses of cash throughout various activities.	Reports (AP GL & Facilities)	Kolby Henry	#ask-reporting-ap	Accounting	Core (AP)	cash_flow_statement	Entrata Core			Financial Operations - General Accounting	Property Ops Experience	
Cash Flow Statement by Property	The Cash Flow Statement by Property report mimics the traditional Cash Flow Statement report but allows you to see GL account balances broken down by property.	Reports (AP GL & Facilities)	Kolby Henry	#ask-reporting-ap	Accounting	Core (AP)	cash_flow_statement_by_property	Entrata Core			Financial Operations - General Accounting	Property Ops Experience	
Cash Position	The Cash Position report provides users additional detail to ending cash balances.	Reports (AP GL & Facilities)	Kolby Henry	#ask-reporting-ap	Accounting	Core (AP)	cash_position	Entrata Core			Financial Operations - General Accounting	Property Ops Experience	
Catalog Items	The Catalog Items report displays a list of all catalog items along with information and settings related to each catalog item.	Reports (AP GL & Facilities)	Kolby Henry	#ask-reporting-ap	Accounting	Core (AP)	catalog_items	No Product Requirement			Asset Operations - Asset Optimization	Property Ops Experience	
Certifications	This report is to give users the ability to pull the current certification of all residents within the selected Affordable properties.  This would allow users to be able to audit the list to ensure the reports are current and the details of the certifications are proper.	Reports (AR & Payments)	Jessica Miller & Aasawari Naigaonkar	#ask-reporting-ar	Operations	Reports	certifications	Entrata Affordable			Resident Operations - Sub-Vertical - Affordable	Property Ops Experience	
Charge Adjustment Journal	The Charge Adjustment Journal report allows you to see what adjustments have been made to charges within a specific post month in order to reconcile such adjustments and to determine if inappropriate adjustments are being made	Reports (AR & Payments)	Jessica Miller & Aasawari Naigaonkar	#ask-reporting-ar	Operations	Reports	charge_adjustment_journal	Entrata Core				N/A	
Charge Code Details	This report provides you with the details on the charge code setup for each of your properties.  This is especially helpful when researching or auditing accounting setup.	Reports (AR & Payments)	Jessica Miller & Aasawari Naigaonkar	#ask-reporting-ar	System	Reports	system_charge_code_details	Entrata Core, Entrata Affordable, Entrata Commercial			Financial Operations - Customer Transactions	Property Ops Experience	
Chart of Accounts	The Chart of Accounts report displays all of the present General Ledger Accounts on a single chart along with other optional information.	Reports (AP GL & Facilities)	Kolby Henry	#ask-reporting-ap	Accounting	Core (AP)	chart_of_accounts	Entrata Core			Financial Operations - General Accounting	Property Ops Experience	
Chats	The Chats report shows statistics regarding the number of chats received by the property as well as key performance indicators.	Reports (PaaS)	Kolby Henry	#ask-reporting-paas	Communications	Reports	chats	No Product Requirement			Message Center	Marketing	
Check21 Batches	The Check21 Batches report will show details regarding batches that are scanned into Entrata. You will be able to view the check images and print a summary of the batches through the report.	Reports (AR & Payments)	Jessica Miller & Aasawari Naigaonkar	#ask-reporting-ar	Payments	Reports	check21_batches	No Product Requirement			Financial Operations - Payments	Property Ops Experience	
Close Reasons	The Close Reasons Report provides information on why leads have been cancelled or archived. This information is based on the reason that is selected at the time of cancellation. Report excludes Other Income profiles.	Reports (PaaS)	Kolby Henry	#ask-reporting-paas	Leasing	Reports	close_reasons	No Product Requirement			Lead Management	Marketing	
Collections Status	This report will provide greater detail into residents going through the collections process or those who potentially will be in the collections process.	Reports (AR & Payments)	Jessica Miller & Aasawari Naigaonkar	#ask-reporting-ar	Operations	Reports	collections_status	Entrata Core			Financial Operations - Revenue Protection	Property Ops Experience	
Commercial Contacts	This report provides the user an easy way to see all associated contacts for their tenant	Reports (PaaS)	Kolby Henry	#ask-reporting-paas	Operations	Reports	commercial_contacts	No Product Requirement			Entrata Commercial	N/A	
Commercial Lease Clauses	This report consolidates all of their tenant's clauses into one place, allowing you to filter by clause, display the tenant, clause and clause details.	Reports (PaaS)	Kolby Henry	#ask-reporting-paas	Operations	Reports	commercial_lease_clauses	No Product Requirement			Entrata Commercial	N/A	
Commercial Rent Roll	The Commercial Rent Roll report is a version of the standard Rent Roll that is specifically geared towards commercial properties. This report gives you a high-level overview of the rent and transactional impact for all suites and tenants within the property as well as an Occupancy Summary breakdown for each building within the property. Currently, only clients that have access to the Commercial product can use this report.	Reports (AR & Payments)	Jessica Miller & Aasawari Naigaonkar	#ask-reporting-ar	Operations	Reports	commercial_rent_roll	Entrata Commercial			Resident Operations - Sub-Vertical -Commercial	Property Ops Experience	
Committed Costs	This report is meant to provide insight to the Accruals journal entry posting.	Reports (AP GL & Facilities)	Kolby Henry	#ask-reporting-ap	Accounting	Reports	committed_costs	Entrata Core			Financial Operations - General Accounting	Property Ops Experience	
Committed Costs Summary	This report provides a summary view of committed costs by job cost code.	Reports (AP GL & Facilities)	Kolby Henry	#ask-reporting-ap	Accounting	Reports	committed_costs_summary	Entrata Job Costing			Asset Operations - Budgeting and Job Costing	Property Ops Experience	
Communicaty Events	The Events report will provide you with a list of all active events that have been created for the selected properties along with various details on each event. Currently, there are no required permissions in order to use this report This report will pull those events that have been created within Residents >> Community >> Events.	Reports (PaaS)	Kolby Henry	#ask-reporting-paas	Operations	Reports	community_events	No Product Requirement			Resident Portal	Resident XP	
Comparative Delinquency	This purpose of this report is to compare delinquency across similar periods to find aberrations in data. The report goes through the progression of Charges Due minus Collections yields Delinquency. Additional options are included to show the Balance at the end of the period, and collections and delinquency on Charges Due after the period.	Reports (AR & Payments)	Jessica Miller & Aasawari Naigaonkar	#ask-reporting-ar	Operations	Reports	comparative_delinquency	Entrata Core	21-30		Financial Operations - Revenue Protection	Property Ops Experience	
Comparative Income Statement	The Comparative Income Statement is an Income Statement that compares a company's current revenues and expenses to those from historical periods through the use of additional columns. By comparing the results from multiple historical periods a company can see how they are performing over time.	Reports (AP GL & Facilities)	Kolby Henry	#ask-reporting-ap	Accounting	Core (AP)	comparative_income_statement	Entrata Core			Financial Operations - General Accounting	Property Ops Experience	
Compliance Summary	The Compliance Summary report shows the compliance level of each vendor a property uses.	Reports (AP GL & Facilities)	Kolby Henry	#ask-reporting-ap	Accounting	Core (AP)	compliance_summary	Entrata Core			Financial Operations - Vendors	Property Ops Experience	
Concessions	The Concessions report shows information regarding leases with at least one transaction from Charge Codes selected in the Concessions filter within the range created by the user selecting a Period and additional Trailing and Future Periods. The report has two sections: Resident Concessions and Concessions Burn-off.	Reports (AR & Payments)	Jessica Miller & Aasawari Naigaonkar	#ask-reporting-ar	Operations	Reports	concessions	Entrata Core				N/A	
Consumption Log	The Consumption Log report provides a list of all inventory consumed during a given date range or post month.	Reports (AP GL & Facilities)	Kolby Henry	#ask-reporting-ap	Accounting	Core (AP)	consumption_log	Entrata Core			Asset Operations - Asset Optimization	Property Ops Experience	
Contact Forms	This report will display all the contact forms that have been submitted by residents, and all the information that has been submitted for each contact form. This report will also display contact forms that have been deleted.	Reports (PaaS)	Kolby Henry	#ask-reporting-paas	Operations	Reports	contact_forms	ResidentPortal, Leasing Center, Entrata PaaS			Resident Portal	Resident XP	
Contact Point Details	This report is only available to Entrata Users. It is not intended for client use ever. We need to keep the report clean as it is used for the majority of Drill ins. The report will provide data for drill-in on all other Contact Point reports.	Reports (PaaS)	Kolby Henry	#ask-reporting-paas	Leasing	Reports	contact_point_details	LeadManager			Lead Management	Marketing	
Contact Points Analysis	The Contact Point Analysis report helps gauge how well the property and leasing agents are at responding to leads that need follow-up. The Lead Manager Product is required to run this report. Report excludes Other Income profiles.	Reports (PaaS)	Kolby Henry	#ask-reporting-paas	Leasing	Reports	contact_points_analysis	LeadManager			Lead Management	Marketing	
Contract Summary	The Contract Summary report gives users a summary of contract amounts, expenses, and retention organized by contract, grouped by job cost code.	Reports (AP GL & Facilities)	Kolby Henry	#ask-reporting-ap	Accounting	Core (AP)	contract_summary	Entrata Job Costing			Asset Operations - Budgeting and Job Costing	Property Ops Experience	
Convenience Fee Clearing	For clients using convenience fee clearing, the Convenience Fee Clearing Report will show details concerning the billing for resident payments. It will list the resident's convenience fee, the management fee, and the net fee as well as settlement information.	Reports (AR & Payments)	Jessica Miller & Aasawari Naigaonkar	#ask-reporting-ar	Payments	Reports	convenience_fee_clearing	No Product Requirement			Financial Operations - Payments	Property Ops Experience	
Conversion Pathway	The purpose of this report is to display highest conversion pathways and give marketers more insight as to how they may want to allocate future marketing spend across lead sources. Report excludes Other Income profiles.	Reports (PaaS)	Kolby Henry	#ask-reporting-paas	Leasing	Reports	conversion_pathway	No Product Requirement			Marketing Strategy Hub	Marketing	
Corporate Leads Billing	The Corporate Billing report is designed to show invoice details for screenings of Corporate Leads in a given month.	Reports (PaaS)	Kolby Henry	#ask-reporting-paas	Leasing	Reports	corporate_leads_billing	No Product Requirement			Resident Operations - Sub-Vertical -Commercial	Property Ops Experience	
Cost Code Setup	The Job Cost Codes report gives Job Costing users the ability to see cost code set up in a report format.	Reports (AP GL & Facilities)	Kolby Henry	#ask-reporting-ap	Accounting	Core (AP)	cost_code_setup	Entrata Job Costing			Asset Operations - Budgeting and Job Costing	Property Ops Experience	
Courses	The Courses report will show which employees have completed, failed, or failed to complete training courses that have been assigned.	Reports (PaaS)	Kolby Henry	#ask-reporting-paas	System	Reports	courses	No Product Requirement			Permissions/users/groups	Central Services & Data Management Platform	
Craigslist Ad Activity	The Craiglist Ad Activity Report will show how many ads are being posted to Craigslist and how many website visits result from the ads. It can be summarized by property, leasing agent, month, or floorplan.	Reports (PaaS)	Kolby Henry	#ask-reporting-paas	Marketing	Reports	craigslist_ad_activity	Craigslist Posting			Craigslist	Marketing	
Craigslist Posting Performance	The Craigslist Posting Performance Report will show the number of ads that are posted and the average time it took to create and post the ad.	Reports (PaaS)	Kolby Henry	#ask-reporting-paas	Marketing	Reports	craigslist_posting_performance	Craigslist Posting			Craigslist	Marketing	
Custom Tags	This Custom Tags report displays all AP, AR and JE activity by custom tag.	Reports (AP GL & Facilities)	Kolby Henry	#ask-reporting-ap	Accounting	Core (AP)	custom_tags	Entrata Core			Financial Operations - General Accounting	Property Ops Experience	
Customer Aged Receivables	This report will allow users to see an aged view of all of their inter-company receivables in order to more easily follow-up with entities that owe them money.	Reports (AR & Payments)	Jessica Miller & Aasawari Naigaonkar	#ask-reporting-ar	Operations	Reports	customer_aged_receivables	Entrata Core				N/A	
Customer Invoices	The Customer Invoices report will support the AR functionality for properties to generate customer invoices for their residents / customers.	Reports (AR & Payments)	Jessica Miller & Aasawari Naigaonkar	#ask-reporting-ar	Operations	Reports	customer_invoices	Entrata Core, Invoice Processing			Financial Operations - Revenue Protection	Property Ops Experience	
Daily and Weekly Operations	This report will overview key aspects of the daily on-site activities. Datasets include Summary, Lead Sources, Leasing Agents, Move-out Reasons, and Close Reasons.	Reports (PaaS)	Kolby Henry	#ask-reporting-paas	Operations	Reports	daily_and_weekly_operations	Entrata Core, LeadManager			Unsure	Unsure	
Dashboard Audit Limited	Pulls specific fields of the dashboard audit report, created to be pulled via an API without the increased server load	Reports (PaaS)	Kolby Henry	#ask-reporting-paas	System	Reports	dashboard_audit_limited	No Product Requirement			Unsure	Unsure	
Dashboard Audit Report	The Dashboard Audit Report report will give you a high-level view of how many items and tasks you have on your dashboard that are still opened or pending. This report is broken out based on each selected Dashboard tab and its corresponding sub-tabs.	Reports (PaaS)	Kolby Henry	#ask-reporting-paas	System	Reports	dashboard_audit_report	No Product Requirement			Unsure	Unsure	
Deferred Revenue	The Deferred Revenue report allows you to see what the total recurring billings will be over the life of the listed residents active lease term with the ability to compare how much of that total contract has been billed (to date) and how much of that total contract is remaining to be billed.	Reports (AR & Payments)	Jessica Miller & Aasawari Naigaonkar	#ask-reporting-ar	Operations	Reports	deferred_revenue	Entrata Core				N/A	
Deleted Reviews	This report will allow you to view reviews that have been deleted and see who and when they were deleted within a selected date range. Currently, only clients that have the Reputation Advisor product can use this report.	Reports (PaaS)	Kolby Henry	#ask-reporting-paas	Operations	Reports	deleted_reviews	No Product Requirement			Marketing Strategy Hub	Marketing	
Delinquency	This report will allow you to view details on households who have delinquent, unpaid balances allowing you to identify residents who may need notices sent or perhaps eviction processes initiated.	Reports (AR & Payments)	Jessica Miller & Aasawari Naigaonkar	#ask-reporting-ar	Operations	Reports	delinquency	Entrata Core	6-10		Financial Operations - Revenue Protection	Property Ops Experience	
Demand	"The Demand report shows the popularity and demand for units based on: Age, Bedroom Count, Gender, Occupant Count, and Rental Rate. The data is collected from prospect guest cards and applications.
This report is not restricted by products used."	Reports (PaaS)	Kolby Henry	#ask-reporting-paas	Leasing	Reports	demand	No Product Requirement			Marketing Strategy Hub	Marketing	
Deployment	The Deployment report allows you to track service members that are deployed or on active military duty away from their home.	Reports (PaaS)	Kolby Henry	#ask-reporting-paas	Operations	Reports	deployment	Entrata Military			Resident Operations - Sub-Vertical - Military	Property Ops Experience	
Deposit Alternative	This report will display Residents insured under Deposit Alternative.	Reports (PaaS)	Kolby Henry	#ask-reporting-paas	Operations	Reports	deposit_alternative	Deposit Alternative, Homebody					
Deposit Refund Allocations	This report provides users with a list of past residents in order to see how their deposits were allocated and refunded. This enables the sites to have an audit style report to ensure the deposit was fully allocated and towards what.	Reports (AR & Payments)	Jessica Miller & Aasawari Naigaonkar	#ask-reporting-ar	Operations	Reports	deposit_refund_allocation	Entrata Core			Financial Operations - Customer Transactions	Property Ops Experience	
Disassociated Payment Details	The purpose of this report is to provide organized details concerning payments that have been disassociated and then re-associated	Reports (AR & Payments)	Jessica Miller & Aasawari Naigaonkar	#ask-reporting-ar	Payments	Reports	disassociated_payment_details	No Product Requirement			Financial Operations - Payments	Property Ops Experience	
Disassociated Payments	The Disassociated Payments report shows payments that have been disassociated from residents and shows the new association if one has been made.	Reports (AR & Payments)	Jessica Miller & Aasawari Naigaonkar	#ask-reporting-ar	Payments	Reports	disassociated_payments	Entrata Core			Financial Operations - Customer Transactions	Property Ops Experience	
DocStorage Document Activity	The DocStorage Document Activity report shows how many documents have been uploaded or downloaded in a specific date range.  Must have DocManagement to use this report.	Reports (PaaS)	Kolby Henry	#ask-reporting-paas	Communications	Reports	docstorage_document_activity	Doc Management			Doc Management	N/A	
DocStorage Usage	The DocStorage Usage report shows when and how many documents were synced as well as uploads and downloads.  Must have DocManagement to use this product.	Reports (PaaS)	Kolby Henry	#ask-reporting-paas	Communications	Reports	docstorage_usage	Doc Management			Doc Management	N/A	
Donation Settlement	The Donation Settlement Report will show details regarding settlements of payments applied to a charity.	Reports (AR & Payments)	Jessica Miller & Aasawari Naigaonkar	#ask-reporting-ar	Payments	Reports	donation_settlements	No Product Requirement			Financial Operations - Payments	Property Ops Experience	
Draw Request Details	The Draw Request Details report lists every Job Cost invoice or JE transaction associated to a Draw Request in the Job Costing module.	Reports (AP GL & Facilities)	Kolby Henry	#ask-reporting-ap	Accounting	Core (AP)	draw_request_details	Entrata Job Costing			Asset Operations - Budgeting and Job Costing	Property Ops Experience	
Electronic Payments Summary	The Electronic Payment Summary report shows the total amount of transactions for each electronic payment type as well as the payment volume for these transactions for each property.	Reports (AR & Payments)	Jessica Miller & Aasawari Naigaonkar	#ask-reporting-ar	Payments	Reports	electronic_payments_summary	ResidentPay			Financial Operations - Payments	Property Ops Experience	
Entrata Redd Chat Performance	A report to show conversion and determine how well the Entrata Redd Chatbot is performing.	Reports (PaaS)	Kolby Henry	#ask-reporting-paas	Communications	Reports	entrata_redd	No Product Requirement			Leasing Center	Tech-Enabled Services	
Entrata Redd Voice Performance	A report to show conversion and determine how well the Entrata Redd Voice is performing.	Reports (PaaS)	Kolby Henry	#ask-reporting-paas	Communications	Reports	entrata_redd_voice_performance	No Product Requirement			Leasing Center	Tech-Enabled Services	
Entrata Reports Change Log	This is an internal report used by the Entrata Reporting team.  This report is NOT to be distributed to clients or shown to clients.	Reports Framework	Brigham Shipley	#ask-reporting-framework	System	Reports	entrata_reports_change	No Product Requirement				N/A	
Expense Distribution	The Expense Distribution report provides a listing of all expenses posted to the general ledger from accounts payable during the user defined period.	Reports (AP GL & Facilities)	Kolby Henry	#ask-reporting-ap	Accounting	Core (AP)	expense_distribution	Entrata Core			Financial Operations - Payments	Property Ops Experience	
Expiring Leases	The Expiring Leases report displays a list of leases which have or will expire in the user-defined period.  This data allows the property to prepare for upcoming unit turnovers or initiate the renewal process with such households.	Reports (PaaS)	Kolby Henry	#ask-reporting-paas	Operations	Reports	expiring_leases	No Product Requirement			Resident Operations - Workflows	Property Ops Experience	
Expiring Vendor Insurance	This report is designed to give users an idea of when their vendor's insurance policies are going to be expiring.	Reports (AP GL & Facilities)	Kolby Henry	#ask-reporting-ap	Accounting	Core (AP)	expiring_vendor_insurance	Entrata Core			Financial Operations - Vendors	Property Ops Experience	
Failed Recurring Payments	The Failed Recurring Payments report shows what recurring payments failed and what the failure reason was for those payments. This is helpful because by seeing what recurring payments failed the client can prevent their residents paying late fees the resident wasn't responsible for	Reports (AR & Payments)	Jessica Miller & Aasawari Naigaonkar	#ask-reporting-ar	Payments	Reports	failed_recurring_payments	ResidentPay			Financial Operations - Payments	Property Ops Experience	
Failed System Emails	The Failed System Emails report will show which emails have failed to be sent.	Reports (PaaS)	Kolby Henry	#ask-reporting-paas	Communications	Reports	failed_system_emails	No Product Requirement			Message Center	Marketing	
FMO Status	With each state having legal requirements to provide residents/applicants within a certain time-frame, this report will provide regional and corporate users the ability to audit what needs to be done in the FMO process in order to get these refunds out on time.	Reports (AR & Payments)	Jessica Miller & Aasawari Naigaonkar	#ask-reporting-ar	Operations	Reports	fmo_status	Entrata Core			Financial Operations - Revenue Protection	Property Ops Experience	
Forecasted Income Statement	The Forecast Income Statement displays expected performance for the budget period. The report lists actual results for periods that have occurred, and budgeted results for future periods. Combined, these values represent a forecast for the total budget period.	Reports (AP GL & Facilities)	Kolby Henry	#ask-reporting-ap	Accounting	Core (AP)	income_statement_forecast	Entrata Core			Financial Operations - General Accounting	Property Ops Experience	
Forecasted Occupancy	The Forecasted Occupancy report will provide average occupancy percentages on a monthly outlook, allowing you to forecast occupancy within the properties that have been selected. Currently all clients (core and integrated) can view this report.	Reports (AR & Payments)	Jessica Miller & Aasawari Naigaonkar	#ask-reporting-ar	Operations	Reports	forecasted_occupancy	Entrata Core, LeaseExecution				N/A	
Future Recurring Work Orders	The Future Recurring Work Orders report displays all recurring work order templates that are scheduled to be generated within the selected period.	Reports (AP GL & Facilities)	Kolby Henry	#ask-reporting-ap	Maintenance	Reports	future_recurring_work_orders_	Entrata Core			Asset Operations - Facilities Management	Property Ops Experience	
GL Account Assignments	This report lists all GL Accounts that are associated to the user defined property/property group.	Reports (AP GL & Facilities)	Kolby Henry	#ask-reporting-ap	System	Core (AP)	gl_account_assignments	Entrata Core			Financial Operations - General Accounting	Property Ops Experience	
GL Account Totals by Property: Balance Sheet	This drill down report displays GL account totals by property when the Balance Sheet is consolidated.	Reports (AP GL & Facilities)	Kolby Henry	#ask-reporting-ap	Accounting	Reports	gl_account_totals_by_property:_balance_sheet	Entrata Core			Financial Operations - General Accounting	Property Ops Experience	
GL Account Totals by Property: Income Statement	This drill down report displays GL account totals by property when the Income Statement is consolidated.	Reports (AP GL & Facilities)	Kolby Henry	#ask-reporting-ap	Accounting	Reports	gl_account_totals_by_property:_income_statement	Entrata Core			Financial Operations - General Accounting	Property Ops Experience	
GL Account Totals by Property: Income Statement Budget vs Actual	This drill down report displays GL account totals by property when the Income Statement - Budget vs Actual is consolidated.	Reports (AP GL & Facilities)	Kolby Henry	#ask-reporting-ap	Accounting	Reports	gl_account_totals_by_property:_income_statement_budget_vs_actual	Entrata Core			Financial Operations - General Accounting	Property Ops Experience	
GL Details	The GL Details report allows you to look at the details of every transaction that is recorded to your general ledger. Using the filters you can select which GL accounts you want to see the details for over a selected period. This report is helpful for analyzing account balances and the specific transactions included in those account balance.	Reports (AP GL & Facilities)	Kolby Henry	#ask-reporting-ap	Accounting	Core (AP)	gl_details	Entrata Core	1-5		Financial Operations - General Accounting	Property Ops Experience	
GL Export Batch	This report provides a list of all GL Export Batches for a property or properties.	Reports (AP GL & Facilities)	Kolby Henry	#ask-reporting-ap	Accounting	Core (AP)	gl_export_batch	Entrata Core			Financial Operations - General Accounting	Property Ops Experience	
GL Totals	Provides a snapshot, by property, of the totals for any element within the tree including, GL accounts, GL Account Groups, or Total Groups.	Reports (AP GL & Facilities)	Kolby Henry	#ask-reporting-ap	Accounting	Core (AP)	gl_tree_totals	Entrata Core			Financial Operations - General Accounting	Property Ops Experience	
Gross Potential Rent (GPR)	The Gross Potential Rent (GPR) report is used to determine the maximum rent that a property could receive based off of market rent prices if all of their units were rented.  This report shows that number as well as what is preventing the property from reaching that number. (e.g. vacancy).	Reports (AR & Payments)	Jessica Miller & Aasawari Naigaonkar	#ask-reporting-ar	Operations	Reports	gpr_consolidate_by	Entrata Core	1-5		Asset Operations - Rates Management	Property Ops Experience	
Gross Potential Rent (GPR) - Cash Basis	"The Gross Potential Rent (GPR) - Cash Basis report is used to determine the maximum rent that a property could receive based off of market rent prices if all of their units were rented. This report shows that number as well as what is preventing the property from reaching that number. (e.g. vacancy).
The Cash Basis version of this report breaks out how the system calculates the GPR journal entry when it is set to Cash.  It includes cash receipts and change in delinquency for the period."	Reports (AR & Payments)	Jessica Miller & Aasawari Naigaonkar	#ask-reporting-ar	Operations	Reports	gross_potential_rent_-_cash_basis	Entrata Core			Asset Operations - Rates Management	Property Ops Experience	
Group Leasing	The <strong>Group Leasing</strong> report allows users to view Groups and Contracts on selected properties, as well as view the residents that are associated to those contracts.	Reports (PaaS)	Kolby Henry	#ask-reporting-paas	Operations	Reports	group_leasing	Entrata Core			Resident Operations - Workflows	Property Ops Experience	
Group Permissions	"This report allows you to audit group permissions and access levels, (read only, deny, and allow).
Note: There are over 2,500 permissions available in the system, which is a lot of data when running it for all groups. Below are some tips and tricks to running this report.
1. We suggest that you do not run this report by generating it in the Entrata System. Instead, we ask that you download it as an XLS, PDF, or CSV. 
2. Because of the large amount of data, we do not allow you to consolidate all groups onto one page. This helps increase the report generation time and decreases the chance of the browser crashing.
3. When running this report in the E and selecting all groups, your browser may crash. To avoid that see item #1."	Reports (PaaS)	Kolby Henry	#ask-reporting-paas	System	Reports	group_permissions	No Product Requirement			Permissions/users/groups	Central Services & Data Management Platform	
Guest Check-Ins	The Guest Check-Ins report provides a list of all resident guests who visited a property in the user-defined period.	Reports (PaaS)	Kolby Henry	#ask-reporting-paas	Operations	Reports	guest_check-ins	No Product Requirement			Resident Portal	Resident XP	
Historic Rents	This report will display all the historic rent values (for a selected date range) by unit, unit type, and property.	Reports (AR & Payments)	Jessica Miller & Aasawari Naigaonkar	#ask-reporting-ar	Operations	Reports	historic_rents	Entrata Core				N/A	
Historical Rates History	This report allows you to quickly review the changes to your Base, Amenity, Special, Add On and ultimately Market Rents on your Units and Spaces.  This report is directly related to the Historial Rents (Rate Logs) information found within Setup.	Reports (AR & Payments)	Jessica Miller & Aasawari Naigaonkar	#ask-reporting-ar	System	Reports	historical_rates_history	No Product Requirement				N/A	
Household Documents	This report will allow you to view all documents that have been added to the 'Documents' tab of the Resident/Lead and if they are visible in Resident Portal.	Reports (PaaS)	Kolby Henry	#ask-reporting-paas	Operations	Reports	household_documents	No Product Requirement			DocEx	Leasing	
ID Verification	This report will allow you to report on prospects or residents who need to upload their ID or have their ID-verified.	Reports (PaaS)	Kolby Henry	#ask-reporting-paas	Operations	Reports	id_verification	No Product Requirement			Online Application	Leasing	
In Service	This report is to show when units went into an 'in service' (excluded) status, and when they went back into a 'rentable' status on a quarterly basis. This is a Military report that is part of the Schedule G reporting packet.	Reports (AR & Payments)	Jessica Miller & Aasawari Naigaonkar	#ask-reporting-ar	Operations	Reports	military_-_in_service	Entrata Military			Resident Operations - Sub-Vertical - Military	Property Ops Experience	
Inactive Users	The Inactive Users report will give you a list of all users that have been flagged as inactive.	Reports (PaaS)	Kolby Henry	#ask-reporting-paas	System	Reports	inactive_users	No Product Requirement			Permissions/users/groups	Central Services & Data Management Platform	
Income Statement	The Income Statement, also known as a Profit and Loss Statement or simply a P&L, is a financial statement that shows revenue and expenses over a specified period of time. The Income Statement helps companies measure their financial performance over the given period by outlining the revenues and expenses and calculating a net income or loss.	Reports (AP GL & Facilities)	Kolby Henry	#ask-reporting-ap	Accounting	Core (AP)	income_statement	Entrata Core	1-5		Financial Operations - General Accounting	Property Ops Experience	
Income Statement - Budget vs Actual	The Income Statement Budget v. Actual, is a financial statement that shows a company's revenue and expenses over a specified period of time. This report will provide a comparison of actual revenues and expenses to what's been budgeted for the period, and provide a variance.	Reports (AP GL & Facilities)	Kolby Henry	#ask-reporting-ap	Accounting	Core (AP)	income_statement_-_budget_vs_actual	Entrata Core	6-10		Financial Operations - General Accounting	Property Ops Experience	
Income Statement by Property	The Income Statement by Property report mimics the traditional Income Statement report but allows you to see GL account balances broken down by property.	Reports (AP GL & Facilities)	Kolby Henry	#ask-reporting-ap	Accounting	Core (AP)	income_statement_by_property	Entrata Core			Financial Operations - General Accounting	Property Ops Experience	
Income Statement By Unit	The Income Statement by Unit summarizes the revenues and expenses by Floor Plan, Unit Type, Bldg., or Unit  for a given period.  The report is useful for analyzing profitability at a Building or Unit level.	Reports (AP GL & Facilities)	Kolby Henry	#ask-reporting-ap	Accounting	Core (AP)	income_statement_by_unit	Entrata Core			Financial Operations - General Accounting	Property Ops Experience	
Income Targeting (Section 8)	This report allows Affordable (HUD) projects to effectively manage their Section 8 contracts by enabling users to see the Income Levels of their residents.	Reports (AR & Payments)	Jessica Miller & Aasawari Naigaonkar	#ask-reporting-ar	Operations	Reports	income_targeting_(section_8)	Entrata Affordable			Resident Operations - Sub-Vertical - Affordable	Property Ops Experience	
Inspection Manager Details	The Inspection Manager Details report will provide details for each inspection through the Inspection Manager product.	Reports (AP GL & Facilities)	Kolby Henry	#ask-reporting-ap	Maintenance	Reports	inspection_manager_details	InspectionManager			Asset Operations - Facilities Management	Property Ops Experience	
Inspection Summary	The Inspection Summary report will show a summary of failed inspections through the Inspection Manager product.	Reports (AP GL & Facilities)	Kolby Henry	#ask-reporting-ap	Maintenance	Reports	inspection_summary	InspectionManager			Asset Operations - Facilities Management	Property Ops Experience	
Inspections by Status	This report gives Inspection Manager users a count of all inspections created for each inspection template, along with a breakdown of those inspections and their current status.	Reports (AP GL & Facilities)	Kolby Henry	#ask-reporting-ap	Maintenance	Reports	inspections_by_status	InspectionManager			Asset Operations - Facilities Management	Property Ops Experience	
Installments by Lease	The Installments by Lease report provides a list of leases assigned to installment plans.  This allows you to verify the setup of installment plans associated to leases.  This includes data such as lease term, installment plan name, and a list of each installment.	Reports (AR & Payments)	Jessica Miller & Aasawari Naigaonkar	#ask-reporting-ar	Operations	Reports	installments_by_lease	Entrata Core			Financial Operations - Billing	Property Ops Experience	
Insurance Policies	This report will provide a breakdown of total residents that are insured, who is uninsured, and who their policy is currently with and will group this data by policy status	Reports (PaaS)	Kolby Henry	#ask-reporting-paas	Operations	Reports	insurance_policies	No Product Requirement			Resident Insure	Resident XP	
Insurance Policy Details	The Insurance Policy Details report provides you with details on the insurance policies that the residents within your properties carry. Currently, there are no required permissions to use this report.	Reports (PaaS)	Kolby Henry	#ask-reporting-paas	Operations	Reports	insurance_policy_details	Entrata Core, Renters Insurance, Entrata PaaS			Resident Insure	Resident XP	
Integration Key Values	Description not added yet.	Reports (PaaS)	Kolby Henry	#ask-reporting-paas	System	Reports	integration_key_values	No Product Requirement				N/A	
Integration Queues	Integration Queues	Reports (PaaS)	Kolby Henry	#ask-reporting-paas	System	Reports	integration_queues	No Product Requirement				N/A	
Integration Residents	Integration Residents	Reports (PaaS)	Kolby Henry	#ask-reporting-paas	System	Reports	integration_residents	No Product Requirement				N/A	
Integration Results	Integration Results	Reports (PaaS)	Kolby Henry	#ask-reporting-paas	System	Reports	integration_results	No Product Requirement				N/A	
Integration Service Logs	Integration Service Logs	Reports (PaaS)	Kolby Henry	#ask-reporting-paas	System	Reports	integration_service_logs	No Product Requirement				N/A	
Inter-Company Balance Summary	This report will allow inter-company users to see how many reimbursement invoices are owed to the parent property/bank account owner at any given time. This will allow for better cash management and planning.	Reports (AP GL & Facilities)	Kolby Henry	#ask-reporting-ap	Accounting	Reports	inter-company_balance_summary	Entrata Core			Financial Operations - General Accounting	Property Ops Experience	
Inter-Company Transactions	The goal of this report is to show users what transactions make up their inter-company GL accounts. The total or ending balance for each of the 3 sections in this report should tie out to the corresponding GL account.	Reports (AP GL & Facilities)	Kolby Henry	#ask-reporting-ap	Accounting	Core (AP)	inter_company_transactions	Entrata Core			Financial Operations - General Accounting	Property Ops Experience	
Inventory Quantities	The Inventory Quantities report allows you to see how much inventory the company/property has, where it's stored, and how much you have on order.	Reports (AP GL & Facilities)	Kolby Henry	#ask-reporting-ap	Accounting	Core (AP)	inventory_quantities	Entrata Core			Asset Operations - Asset Optimization	Property Ops Experience	
Inventory Transfer	This report provides the details of inventory transfers that occur between asset locations & properties	Reports (AP GL & Facilities)	Kolby Henry	#ask-reporting-ap	Accounting	Reports	inventory_transfer	Entrata Core			Asset Operations - Asset Optimization	Property Ops Experience	
Inventory Valuation	The Inventory Valuation report allows you to see the total value of the inventory the company/property owns based on location, property, and category.	Reports (AP GL & Facilities)	Kolby Henry	#ask-reporting-ap	Accounting	Core (AP)	inventory_valuation	Entrata Core			Asset Operations - Asset Optimization	Property Ops Experience	
Invoice Approval History	The Invoice Approval History report tracks when invoices that used approval routing were approved and who approved them. This lets you see how long it takes an item to move through the approval process.	Reports (AP GL & Facilities)	Kolby Henry	#ask-reporting-ap	Accounting	Core (AP)	invoice_approval_history	Entrata Core			Financial Operations - Invoices	Property Ops Experience	
Invoice Tax Export	This report shows details of all the taxes and charges associated to each invoice created and is used for auditing purposes and as an export for important government tax documents.	Reports (AR & Payments)	Jessica Miller & Aasawari Naigaonkar	#ask-reporting-ar	Operations	Reports	spain_tax_export	Entrata Core			-- Entrata International	N/A	
IVR Performance	The report will show the IVRs a company uses and show the performance of each option and sub option. The report shows where calls are being connected through as well as where callers are abandoning the call.	Reports (PaaS)	Kolby Henry	#ask-reporting-paas	Communications	Reports	ivr_performance	CallTracking			Leasing Center	Tech-Enabled Services	
Job Category Summary	This report provides a summary view of actual and budget amounts for job categories by property.	Reports (AP GL & Facilities)	Kolby Henry	#ask-reporting-ap	Accounting	Reports	job_category_summary	Entrata Job Costing			Asset Operations - Budgeting and Job Costing	Property Ops Experience	
Job Cost - Budget vs Actual	The Job Cost - Budget vs Actual report allows you to compare actual job costs to budgeted job costs by cost category.	Reports (AP GL & Facilities)	Kolby Henry	#ask-reporting-ap	Accounting	Core (AP)	job_cost_-_budget_vs_actual	Entrata Job Costing			Asset Operations - Budgeting and Job Costing	Property Ops Experience	
Job Cost Details	The Job Cost Details report lists transaction details for Jobs that are being managed through the Job Costing product. Using the filters, you can select which Jobs, Phases, and Job Cost Codes you want displayed in the report.	Reports (AP GL & Facilities)	Kolby Henry	#ask-reporting-ap	Accounting	Core (AP)	job_cost_details	Entrata Job Costing			Asset Operations - Budgeting and Job Costing	Property Ops Experience	
Job Cost History	This report allows you to view user defined categories or cost codes summarized into a single line item, while viewing other's in full detail over the entire history of the job.	Reports (AP GL & Facilities)	Kolby Henry	#ask-reporting-ap	Accounting	Core (AP)	job_cost_history	Entrata Job Costing			Asset Operations - Budgeting and Job Costing	Property Ops Experience	
Job Cost Summary	This report gives the user a quick overview of how a job is doing financially. At a glance, the user can see how much has been budgeted, contracted, and paid (invoiced) for each job cost code.	Reports (AP GL & Facilities)	Kolby Henry	#ask-reporting-ap	Accounting	Core (AP)	job_cost_summary	Entrata Job Costing			Asset Operations - Budgeting and Job Costing	Property Ops Experience	
Job Costing Budget Revision	The Job Costing Budget Revision report provides an audit trail history of the budget for a job readily accessible, in context, for job costing users.	Reports (AP GL & Facilities)	Kolby Henry	#ask-reporting-ap	Accounting	Core (AP)	job_costing_budget_revision	Entrata Job Costing			Asset Operations - Budgeting and Job Costing	Property Ops Experience	
Job Listing	This report used for download job listing from job costing in pdf/excel/CSV format.	Reports (AP GL & Facilities)	Kolby Henry	#ask-reporting-ap	Accounting	Reports	job_listing	Entrata Job Costing			Asset Operations - Budgeting and Job Costing	Property Ops Experience	
Jobs Overview	This report will allow Job Costing users to see a quick overview of all Jobs associated to a specific property. The report will highlight pertinent info like Budget, Actual, Cost to Complete, etc. by job.	Reports (AP GL & Facilities)	Kolby Henry	#ask-reporting-ap	Accounting	Core (AP)	jobs_overview	Entrata Job Costing			Asset Operations - Budgeting and Job Costing	Property Ops Experience	
Journal Entry Register	The Journal Entry Register allows you to audit and research any journal entries created during the selected reporting period. 	Reports (AP GL & Facilities)	Kolby Henry	#ask-reporting-ap	Accounting	Core (AP)	journal_entry_register	No Product Requirement			Financial Operations - General Accounting	Property Ops Experience	
Late Fee Batches	This report will display all late fee batches that were posted during the selected period/date range showing the household and fee amounts. This will enable you to review all such late fee postings to ensure all appropriate fees were posted and processed accordingly.	Reports (AR & Payments)	Jessica Miller & Aasawari Naigaonkar	#ask-reporting-ar	Operations	Reports	late_fee_batches	Entrata Core			Financial Operations - Revenue Protection	Property Ops Experience	
Late Notices	This report provides a list of residents who have overdue balances showing the dates in which late notices were sent to them and basic information on their overdue balance.  This enables the user to track those households in order to manage when to send additional notices or when to initiate the eviction process.	Reports (AR & Payments)	Jessica Miller & Aasawari Naigaonkar	#ask-reporting-ar	Operations	Reports	late_notices	Entrata Core			Financial Operations - Revenue Protection	Property Ops Experience	
Lead Conversion	The Lead Conversion report will help you to understand how well you are moving leads through the leasing process and converting them into leases. Key metrics that are used include: new leads, started applications, completed applications, dead leads, signed leases, and move-ins. Duplicate Leads, leads that are cancelled with a merged or cloned reason, will not be included on the report. There are no product required for this report. Report excludes Other Income profiles.	Reports (PaaS)	Kolby Henry	#ask-reporting-paas	Leasing	Reports	lead_conversion	No Product Requirement	11-20		Lead Management	Marketing	
Lead Score Analysis	The Lead Score Analysis report will give users a high level overview of how accurate the generated lead score has been.	Reports (PaaS)	Kolby Henry	#ask-reporting-paas	Leasing	Reports	lead_score_analysis	LeadManager			Lead Management	Marketing	
Lead Score Details	The purpose of the Lead Score Details Report is to view information pertaining to the scoring of each individual lead. Report excludes Other Income profiles.	Reports (PaaS)	Kolby Henry	#ask-reporting-paas	Leasing	Reports	lead_score_details	LeadManager			Lead Management	Marketing	
Lead Source Attribution	The Lead Source Attribution Report allows you to analyze the expenditure and rate of return for leads and leases based on each lead source.The Entrata Core product is required for this report. Report excludes Other Income profiles.	Reports (PaaS)	Kolby Henry	#ask-reporting-paas	Leasing	Reports	lead_source_attribution	No Product Requirement			ILS Portal	Marketing	
Lead Source Details	The Lead Source Details Report will show a list of active lead sources, the associated vanity number, forwarding number, email tracker address, and switch codes. Properties can use this to audit their lead source setup. No product requirements are necessary for this report.	Reports (PaaS)	Kolby Henry	#ask-reporting-paas	Leasing	Reports	lead_source_details	No Product Requirement			ILS Portal	Marketing	
Lead Trend Analysis	This report is designed to combine the Leads by Property, Leads By Lead Source, and Leads By Product reports. The report shows the number of new leads over a selected period of time, grouped by Property, Lead Source, or Product. Report excludes Other Income profiles.	Reports (PaaS)	Kolby Henry	#ask-reporting-paas	Leasing	Reports	lead_trend_analysis	No Product Requirement			Lead Management	Marketing	
Lead Trends by Source	The Lead Trends by Source report shows the lead count for each source based off the lead source that was selected on the guest card. The data is separated by month so that you can view the change over the period selected. Report excludes Other Income profiles.	Reports (PaaS)	Kolby Henry	#ask-reporting-paas	Leasing	Reports	lead_trends_by_source	No Product Requirement			ILS Portal	Marketing	
Leads By Lead Source	The Leads By Lead Source Report will show the traffic volume of each lead source and will allow you to compare traffic volume across the board. Report excludes Other Income profiles.	Reports (PaaS)	Kolby Henry	#ask-reporting-paas	Leasing	Reports	leads_by_lead_source	No Product Requirement			ILS Portal	Marketing	
Lease Activity	This report will provide you with a list of households based on specific key lease activity metrics such as move-ins, move-outs, renewals, etc. This allows you to identify those households who have fallen into any of these key buckets, allowing you to more effectively track those households or confirm the action taken for each household. Currently, all clients (core and integrated) can use this report.	Reports (PaaS)	Kolby Henry	#ask-reporting-paas	Operations	Reports	lease_activity	No Product Requirement			Resident Operations - Workflows	Property Ops Experience	
Lease Commission	This report will give a summary of residents who have their leases approved, completed, renewals, or who have moved-in to the selected properties, as well as provide information on the leasing agent that is responsible for each of these residents. Currently, all clients (core and integrated) can use this report.	Reports (PaaS)	Kolby Henry	#ask-reporting-paas	Operations	Reports	lease_commission	Entrata Core, LeaseExecution, LeadManager			Lease Execution	Leasing	
Lease Data	This report will provide detailed lease information at the resident level for the property(ies) selected. This report will display lease start/end dates, move-in/move-out dates, as well as deposit and scheduled rent charges. Currently, core clients and integrated clients can use this report.	Reports (PaaS)	Kolby Henry	#ask-reporting-paas	Operations	Reports	lease_data	Entrata Core, LeaseExecution, LeadManager			Resident Operations - Workflows	Property Ops Experience	
Lease Execution Adoption	The purpose of the Lease Execution Adoption Report is to track how well properties are doing at converting to paperless lease signing procedures. Report excludes Other Income profiles.	Reports (PaaS)	Kolby Henry	#ask-reporting-paas	Leasing	Reports	lease_execution_adoption	LeaseExecution			LeaseExecution	N/A	
Lease Execution Summary (Applicant)	The purpose of the Lease Execution (Applicant) report is to be able to track lease signatures based on applicant types.	Reports (PaaS)	Kolby Henry	#ask-reporting-paas	Leasing	Reports	lease_execution_(applicant)	No Product Requirement			LeaseExecution	N/A	
Lease Execution Summary (Application)	The Lease Execution Summary Application Report display the progress of applications through the leasing process. For those using the Independent Lease Progression setting please use the Lease Execution Summary Applicant Report. Report excludes Other Income profiles.	Reports (PaaS)	Kolby Henry	#ask-reporting-paas	Leasing	Reports	lease_execution_summary_(application)	LeaseExecution			LeaseExecution	N/A	
Lease Term Progress Summary	The Lease Term Progress Summary report provides both a snapshot of where leads are in the leasing process (Leads In Status) and how much time leads are taking in each step of the leasing process (Days In Status).	Reports (PaaS)	Kolby Henry	#ask-reporting-paas	Leasing	Reports	lease_term_progress_summary	Entrata Core			Online Application	Leasing	
Lease Trade-out	The purpose of the Lease Trade-out report is to show all lease trade-outs for a given period. The report allows the user to see how much money is being gained or lost between leases for a specific unit.	Reports (AR & Payments)	Jessica Miller & Aasawari Naigaonkar	#ask-reporting-ar	Operations	Reports	lease_trade-out	Entrata Core, LeaseExecution	11-20			N/A	
Lease Trade-out - Insert Data	Lease Trade-out - Insert Data	Reports (AR & Payments)	Jessica Miller & Aasawari Naigaonkar	#ask-reporting-ar	Operations	Reports	lease_trade-out_-_insert_data	No Product Requirement				N/A	
Lease Trade-out - Prior Month	Lease Trade-out - Prior Month	Reports (AR & Payments)	Jessica Miller & Aasawari Naigaonkar	#ask-reporting-ar	Operations	Reports	lease_trade-out_-_prior_month	No Product Requirement				N/A	
Leases with Multiple Recurring Payments	The Leases with Multiple Recurring Payments report will list all recurring payments that are on the same lease. This report will help to ensure that residents do not have more than one recurring payment set up and that residents with more than one lease payee are not overpaying.	Reports (AR & Payments)	Jessica Miller & Aasawari Naigaonkar	#ask-reporting-ar	Payments	Reports	leases_with_multiple_recurring_payments	No Product Requirement			Financial Operations - Payments	Property Ops Experience	
Leases with Multiple Rent Charges	The Leases with Multiple Rent charges report shows which resident were double billed rent for the post month selected.	Reports (AR & Payments)	Jessica Miller & Aasawari Naigaonkar	#ask-reporting-ar	System	Reports	duplicate_rent_charges	Entrata Core				N/A	
Leases Without Rent Charges	The Leases without Rent Charges reports shows you how many leases were not charged rent for that post month.	Reports (AR & Payments)	Jessica Miller & Aasawari Naigaonkar	#ask-reporting-ar	System	Reports	leases_without_rent_charges	Entrata Core				N/A	
Leasing Activity Summary	This report will allow you to view move-in/move-out activity of military residents based on their pay grades, and see the total net move-in count for selected date range. Currently, only clients that have access to the military product can use this report.	Reports (PaaS)	Kolby Henry	#ask-reporting-paas	Operations	Reports	leasing_activity_summary	Entrata Military				N/A	
Leasing Center Conversion	The Leasing Center Conversion report shows statistics concerning the conversion of lead contact with Leasing Center into key events. Must have Leasing Center to run report.	Reports (PaaS)	Kolby Henry	#ask-reporting-paas	Communications	Reports	leasing_center_conversion	CallTracking, Leasing Center, Historical Access			Leasing Center	Tech-Enabled Services	
Leasing Goals	The Leasing Goals report, which corresponds to the Leasing Goals Setup and Dashboard, allows the user to see progress on pre-leasing goals for Renewals and New Lease at a property level or see pre-leasing progress for Renewals and New Leases at a unit type level.	Reports (PaaS)	Kolby Henry	#ask-reporting-paas	Operations	Reports	leasing_goals	Entrata Core			Resident Operations - Sub-Vertical - Student	Property Ops Experience	
Leasing Intelligence Dashboard	This is an internal only report that will provide the necessary data for the Leasing Intelligence Dashboard that was created by the product team.	Reports (PaaS)	Kolby Henry	#ask-reporting-paas	Leasing	Reports	leasing_intelligence_dashboard	No Product Requirement			Lead Management	Marketing	
Leasing Performance	The Leasing performance report allows you to view metrics pertaining to property or leasing agent stats. It is a combination of four reports including Traffic and events, Lead conversion, Neglected Leads and Tour conversion.	Reports (PaaS)	Kolby Henry	#ask-reporting-paas	Leasing	Reports	leasing_performance	No Product Requirement				N/A	
Leasing Performance New	The Leasing Performance Report allows you to view key metrics pertaining to property or leasing agent stats. Report excludes Other Income profiles.	Reports (PaaS)	Kolby Henry	#ask-reporting-paas	Leasing	Reports	leasing_performance_new	No Product Requirement				N/A	
LeasingCenter Responsiveness	The Leasing Center Responsiveness report shows the rate in which the Leasing Center answers calls.  Must have Leasing Center to run report.	Reports (PaaS)	Kolby Henry	#ask-reporting-paas	Communications	Reports	leasingcenter_responsiveness	No Product Requirement			Leasing Center	Tech-Enabled Services	
Live Chat By Interval	The Live Chat By Interval report shows incoming chats broken down by hour, day of the week, and status.	Reports (PaaS)	Kolby Henry	#ask-reporting-paas	Communications	Reports	live_chat_by_interval	No Product Requirement				N/A	
Maintenance Quarterly	The Maintenance Quarterly report is a military report that shows the total number of service requests and the variance in time it takes to respond and complete. The report breaks it down by priority level of the requests as well.	Reports (AP GL & Facilities)	Kolby Henry	#ask-reporting-ap	Maintenance	Reports	maintenance_quarterly	Entrata Core, ResidentPortal, Facilities Management			Asset Operations - Facilities Management	Property Ops Experience	
Maintenance Summary	The Maintenance Summary report will show a breakdown of work orders and the time it takes to complete them. You can view this report by Day, Month, or Hours.	Reports (AP GL & Facilities)	Kolby Henry	#ask-reporting-ap	Maintenance	Reports	maintenance_summary	No Product Requirement			Asset Operations - Facilities Management	Property Ops Experience	
Maintenance Survey Responses	Maintenance Survey Responses report will show responses from maintenance surveys taken.	Reports (AP GL & Facilities)	Kolby Henry	#ask-reporting-ap	Maintenance	Reports	maintenance_survey_responses	ResidentPortal			Asset Operations - Facilities Management	Property Ops Experience	
Make Ready	The Make Ready report details units that are in the process of being made ready for a new move-in, including the progress of each configured make ready subtask.	Reports (AP GL & Facilities)	Kolby Henry	#ask-reporting-ap	Maintenance	Reports	make_ready	No Product Requirement			Asset Operations - Facilities Management	Property Ops Experience	
Make Ready Detail Analysis	The Make Ready Details Analysis report will show you a break down of the costs and time associated to all Make Ready requests performed during a specified period of time.	Reports (AP GL & Facilities)	Kolby Henry	#ask-reporting-ap	Maintenance	Reports	make_ready_detail_analysis	No Product Requirement			Asset Operations - Facilities Management	Property Ops Experience	
Management Fees	The Management Fees report gives you information on the management fee costs a property has to pay, and how that fee is calculated. Note for Percent of Revenue users: If adjustments to revenue are made after the fee has been generated, the Total Revenue and Management Fee Due on the report will not match the amounts on the Management Fee Invoice.	Reports (AP GL & Facilities)	Kolby Henry	#ask-reporting-ap	Accounting	Core (AP)	management_fees	Entrata Core			Financial Operations - General Accounting	Property Ops Experience	
Market Rent Schedule	This report enables the user to easily validate that the units are setup appropriately and allows you to compare rentable values of occupied units to those that have potential tenants in order to determine and set appropriate rates.	Reports (AR & Payments)	Jessica Miller & Aasawari Naigaonkar	#ask-reporting-ar	Operations	Reports	market_rent_schedule	Entrata Core				N/A	
Market Survey	The Market Survey report allows the user to select a property and competitor and then compare and contrast their information across a wide variety of data sets.	Reports (AR & Payments)	Jessica Miller & Aasawari Naigaonkar	#ask-reporting-ar	Marketing	Reports	market_survey	No Product Requirement				N/A	
Master Policy Details	This report is intended to provide details for your monthly Master Policy invoice. specifically, the date of when your policy starts, the charge code, and your resident's premium amount.	Reports (PaaS)	Kolby Henry	#ask-reporting-paas	Operations	Reports	master_policy_details	Renters Insurance				N/A	
Merchant Account Audit	The Merchant Account Audit report will generate a list of the Merchant Accounts within your properties.	Reports (AR & Payments)	Jessica Miller & Aasawari Naigaonkar	#ask-reporting-ar	System	Reports	merchant_account_audit	No Product Requirement				N/A	
Messages Sent	The Message Sent report shows details about the messages that were sent showing things like opened, clicked, dropped etc.	Reports (PaaS)	Kolby Henry	#ask-reporting-paas	Communications	Reports	message_sent	No Product Requirement				N/A	
Mid-Lease Rent Increases	This report displays rent increases that happen mid-lease without a new lease generation.	Reports (AR & Payments)	Jessica Miller & Aasawari Naigaonkar	#ask-reporting-ar	Operations	Reports	mid-lease_rent_increases	No Product Requirement					
Migration Resident Data	This report allows you to select which resident related data fields to use, from a list of available data elements, in order to generate a report specific to information on your residents.	Reports (PaaS)	Kolby Henry	#ask-reporting-paas	System	Reports	migration_resident_data	No Product Requirement			-- Migrations	N/A	
Migration Verification Checklist	This is to aid the migration team while verifying the data after migrating a new property. Currently they must run many different reports.	Reports (PaaS)	Kolby Henry	#ask-reporting-paas	System	Reports	migration_verification_checklist	Entrata Core			-- Migrations	N/A	
Military Box Score	The purpose of this report is to provide occupancy and weekly activity information for military properties	Reports (PaaS)	Kolby Henry	#ask-reporting-paas	Operations	Reports	military_box_score	Entrata Military			Entrata Military	N/A	
Military Quarterly Occupancy By Rank	This report will allow you to see detailed information regarding the occupancy rate of a property's unit by rank on a quarterly basis. Currently, only clients that have access to the military product can use this report.	Reports (AR & Payments)	Jessica Miller & Aasawari Naigaonkar	#ask-reporting-ar	Operations	Reports	military_quarterly_occupancy_by_rank	Entrata Military			Resident Operations - Sub-Vertical - Military	Property Ops Experience	
Military Scheduled Charges	The Military Scheduled Charges report will allow the user to be able to view military data for military residents, compare current military BAH rates to other years, and view the scheduled charges that are associated to the resident.	Reports (AR & Payments)	Jessica Miller & Aasawari Naigaonkar	#ask-reporting-ar	Operations	Reports	military_scheduled_charges	No Product Requirement			Resident Operations - Sub-Vertical - Military	Property Ops Experience	
MoneyGram Usage	The Money Gram Usage report will show real-time information regarding residents that have activated a Money Gram account. Account number, last payment date, and the number of submitted payments are main fields on the report.	Reports (AR & Payments)	Jessica Miller & Aasawari Naigaonkar	#ask-reporting-ar	Payments	Reports	money_gram_usage	No Product Requirement			Financial Operations - Payments	Property Ops Experience	
Monthly Reconciliation	The Monthly Reconciliation report summarizes activity for the selected period and reconciles the summarized activity to actual cash receipts.	Reports (AR & Payments)	Jessica Miller & Aasawari Naigaonkar	#ask-reporting-ar	Operations	Reports	monthly_reconciliation_new	Entrata Core	21-30			N/A	
Monthly Reconciliation Journal Entry	This report provides an MRR style report that focuses on the Journal Entry breakout of Debits and Credits.	Reports (AP GL & Facilities)	Kolby Henry	#ask-reporting-ap	Accounting	Reports	monthly_reconciliation_journal_entry_new	Entrata Core			Financial Operations - General Accounting	Property Ops Experience	
Move Out Reasons	This report will allow you to view (at a summary level for one or multiple properties) data on how many residents have moved-out within a specific date range and for what specific reason. Currently, there are no required permissions to access and use this report.	Reports (PaaS)	Kolby Henry	#ask-reporting-paas	Operations	Reports	move_out_reasons	No Product Requirement				N/A	
MRI GL Export	This report allows you to export transactions from Entrata formatted to be imported into MRI.	Reports (AP GL & Facilities)	Kolby Henry	#ask-reporting-ap	Accounting	Core (AP)	mri_gl_export	Entrata Core				N/A	
Neglected Leads	The Neglected Leads Report will show how well leads are being managed within the first 48 hours of first contact with the property. No product requirements are necessary to use this report. Report excludes Other Income profiles.	Reports (PaaS)	Kolby Henry	#ask-reporting-paas	Leasing	Reports	neglected_leads	No Product Requirement			Lead Management	Marketing	
Non-Integrated Payments (for RealPage only)	Non-Integrated Payments (for RealPage only)	Reports (AR & Payments)	Jessica Miller & Aasawari Naigaonkar	#ask-reporting-ar	System	Reports	non_integrated_payments	No Product Requirement				N/A	
Not Progressing Lead Performance	The Not Progressing Lead Performance Report identifies how well leasing agents/properties are following up with leads who are not progressing. Report excludes Other Income profiles.	Reports (PaaS)	Kolby Henry	#ask-reporting-paas	Leasing	Reports	not_progressing_lead_performance	LeadManager				N/A	
NSF	The NSF report lists all check payments marked as non-sufficient funds (NSF).	Reports (AR & Payments)	Jessica Miller & Aasawari Naigaonkar	#ask-reporting-ar	Operations	Reports	nsf	Entrata Core			Financial Operations - Payments	Property Ops Experience	
Occupancy Vacancy	This report will detail various operations within the specific property; these operations vary from Traffic Sources, Move-ins/Move-outs, Leasing Agent Summary, and prepaid/delinquency charges	Reports (AR & Payments)	Jessica Miller & Aasawari Naigaonkar	#ask-reporting-ar	Operations	Reports	occupancy_vacancy	Entrata Core, LeadManager				N/A	
On Site Call Breakdown	The On Site Call Breakdown report shows the break down of calls and the result of those calls with the Call Tracker product.	Reports (PaaS)	Kolby Henry	#ask-reporting-paas	Communications	Reports	on_site_call_breakdown	CallTracking				N/A	
Online Chats	The Live Chat Breakdown report shows statistics regarding the number of chats received by the property as well as key performance indicators.	Reports (PaaS)	Kolby Henry	#ask-reporting-paas	Communications	Reports	online_chats	ProspectPortal, Message Center, LeadManager				N/A	
Online Leasing Workflow	The Online Leasing Workflow report shows the current status of leads who are in the leasing process (application approved or beyond). The report will help users ensure that leads are progressing through each phase of the leasing process. Report excludes Other Income profiles.	Reports (PaaS)	Kolby Henry	#ask-reporting-paas	Leasing	Reports	online_leasing_workflow	No Product Requirement				N/A	
Online Payment Percentage	This report will help properties gauge the success of our Paperless Payment campaign. The report is aimed to provide data that shows how well residents, as a whole, are transitioning to a paperless payment method.	Reports (AR & Payments)	Jessica Miller & Aasawari Naigaonkar	#ask-reporting-ar	Payments	Reports	online_payment_percentage	No Product Requirement				N/A	
Open Charges By Lease	This report provides users the ability to see all charges that have an open balance based on the 'As of' date (Period) of the report so that they can review payment allocations if necessary.	Reports (AR & Payments)	Jessica Miller & Aasawari Naigaonkar	#ask-reporting-ar	Operations	Reports	open_charges_by_lease	Entrata Core			Financial Operations - Customer Transactions	Property Ops Experience	
Open Periods Details	Open Periods Details	Reports (AR & Payments)	Jessica Miller & Aasawari Naigaonkar	#ask-reporting-ar	System	Reports	open_period_details	No Product Requirement			Financial Operations - Customer Transactions	Property Ops Experience	
Operating Statement	Based on the Income Statement GL tree, the Operating Statement provides valuable operating metrics and comparisons that help assess performance in the current period and over time.	Reports (AP GL & Facilities)	Kolby Henry	#ask-reporting-ap	Accounting	Core (AP)	operating_statement	Entrata Core			Financial Operations - General Accounting	Property Ops Experience	
Operations Summary	This report provides the user with a summary view of Availability, Rent Analysis, and Make Ready.	Reports (PaaS)	Kolby Henry	#ask-reporting-paas	Operations	Reports	operations_summary	Entrata Core				N/A	
Optimal Rent	This report allows users of the Revenue Management product view optimal rent values for units that are available and compare them to market rents, executed rents, and advertised rents.	Reports (AR & Payments)	Jessica Miller & Aasawari Naigaonkar	#ask-reporting-ar	Pricing	Reports	optimal_rent	Revenue Intelligence with Consulting, Revenue Intelligence, Revenue Intelligence					
Other Eligible Tenant Detail	This report works in conjunction with the Occupancy by Rank report in which it provides further details into Other Eligible Tenants living within the military installation. This report is part of the Schedule G reporting packet.	Reports (AR & Payments)	Jessica Miller & Aasawari Naigaonkar	#ask-reporting-ar	Operations	Reports	other_eligible_tenant_detail	Entrata Military				N/A	
Other Income	This report will give a single location where you can see all of the information regarding Other Income profiles including contact and ledger information.	Reports (AR & Payments)	Jessica Miller & Aasawari Naigaonkar	#ask-reporting-ar	Operations	Reports	other_income	Entrata Core			Resident Operations - Workflows	Property Ops Experience	
Ownership	The Ownership report is designed to help clients quickly see which owners are getting paid when a distribution is made at a property. The second view helps clients ensure that each of their owners are setup correctly (i.e. ownership % of the legal entity).	Reports (AP GL & Facilities)	Kolby Henry	#ask-reporting-ap	Accounting	Core (AP)	ownership	Entrata Core			Financial Operations - General Accounting	Property Ops Experience	
Packages	This report gives an overview of all packages that have been delivered to the selected property or properties.	Reports (PaaS)	Kolby Henry	#ask-reporting-paas	Operations	Reports	packages	ParcelAlert			Lobby Display/Parcel Alert	Resident XP	
Payment Adoption By Type	The Payment Adoption By Type report will allow you to measure the adoption of paperless payments for your property(ies).You will be able to see a unit, lease and transaction count, as well as a percentage breakdown in this report.This information will better help you compare numbers for each payment type and allow you to see how many of your residents are paying using paperless payment options. The Payment Adoption report does not include data for payments made via Prospect Portal, i.e application payments, admin fees, ect.	Reports (AR & Payments)	Jessica Miller & Aasawari Naigaonkar	#ask-reporting-ar	Payments	Reports	payment_adoption_by_type	No Product Requirement			Financial Operations - Payments	Property Ops Experience	
Payment Calls	The Payment Calls report is used for tracking phone verification for Visa payments. It will display details of calls that were made. Details of the report include: activation ID, phone number used to verify, verification status, and the call time stamp.	Reports (AR & Payments)	Jessica Miller & Aasawari Naigaonkar	#ask-reporting-ar	Payments	Reports	payment_calls	ResidentPay			Financial Operations - Payments	Property Ops Experience	
Payment Details	The Payment Details report will allow you to view payment details sorted by the filters selected. It will help you to find payments, check statuses in bulk, and more.	Reports (AR & Payments)	Jessica Miller & Aasawari Naigaonkar	#ask-reporting-ar	Payments	Reports	payment_details	No Product Requirement			Financial Operations - Payments	Property Ops Experience	
Payment Returns	The Payment Returns Report allows users to pull data for returned payments. It will allow the property to keep an eye on payments that are returned and help to make sure that necessary action is taken.	Reports (AR & Payments)	Jessica Miller & Aasawari Naigaonkar	#ask-reporting-ar	Payments	Reports	payment_returns	No Product Requirement			Financial Operations - Payments	Property Ops Experience	
Payments In Transit	The Payments in Transit report displays a list of all of the payments that have been received but are not yet deposited within the system. The report is useful for reconciliation purposes and to verify payments that are pending deposit.	Reports (AP GL & Facilities)	Kolby Henry	#ask-reporting-ap	Payments	Reports	payments_in_transit	Entrata Core			Financial Operations - Customer Transactions	Property Ops Experience	
Payments With Donation	The Payments With Donations report will show a summary of donations collected. It can be listed by property or charity and will display the number of donations and total donation amount.	Reports (AR & Payments)	Jessica Miller & Aasawari Naigaonkar	#ask-reporting-ar	Payments	Reports	payments_with_donation	No Product Requirement			Financial Operations - Payments	Property Ops Experience	
Percent Rent	This report will display the sales amount posted by the tenant for a certain period alongside the threshold amount, percent rent rate, and the amount posted to the ledger. The period lengths can be altered to fit tenant and owner needs.  This report will also display the sales amounts for current and prior periods, and for multiple properties.	Reports (AR & Payments)	Jessica Miller & Aasawari Naigaonkar	#ask-reporting-ar	Operations	Reports	percent_rent	Entrata Core				N/A	
Permanent Change of Station	This report will help track where service members are relocating to as well as allow you to share this information with housing partners at their new installation. Currently, only clients that have access to the military product can use this report.	Reports (PaaS)	Kolby Henry	#ask-reporting-paas	Operations	Reports	permanent_change_of_station	Entrata Military			Resident Operations - Sub-Vertical - Military	Property Ops Experience	
Permission Exceptions	This report will show the exceptions users have that are outside of group settings	Reports (PaaS)	Kolby Henry	#ask-reporting-paas	System	Reports	permission_exceptions	No Product Requirement				N/A	
Portfolio Meter Health	The Portfolio Meter Health report shows how many issues/flags each meter is getting and the overall health of the meters.	Utilities Expense Recapture	Jeanine Miller	#ask-utilities-expense-recapture	Utilities	Reports	portfolio_meter_health	ResidentUtility			Utilities (UEM/UEO/RU)	Tech-Enabled Services	
Portfolio Performance	The Portfolio Performance report shows the provider expenses and residents expenses for each utility service type.	Utilities Expense Recapture	Jeanine Miller	#ask-utilities-expense-recapture	Utilities	Reports	portfolio_performance	ResidentUtility				N/A	
Positive Pay	The Positive Pay report allows you to see which checks have been exported for positive pay.	Reports (AP GL & Facilities)	Kolby Henry	#ask-reporting-ap	Accounting	Core (AP)	positive_pay	No Product Requirement			Financial Operations - Payments	Property Ops Experience	
Posting Tool History	The Posting Tool History report allows you to view historical data on social media posts that have been created within the selected date range; specifically, the message posted, if an image was attached, which social media outlet, and the date of when it was posted. Currently, only clients that have the Reputation Advisor product can use this report.	Reports (PaaS)	Kolby Henry	#ask-reporting-paas	Operations	Reports	posting_tool_history	ReputationAdvisor			Marketing Strategy Hub	Marketing	
Pre-Lease	The purpose of this report is to allow you to be able to generate a list of future effective leases based on a certain point, or range, in time. This allows for forecasted planning of future move-ins and renewals. Currently, only clients that have Entrata Core can use this report.	Reports (PaaS)	Kolby Henry	#ask-reporting-paas	Operations	Reports	pre_lease	Entrata Core	6-10		Resident Operations - Sub-Vertical - Student	Property Ops Experience	
Prebill	The Prebill report provides a preview of what will actually be billed to each resident within the selected properties based on the selected post month. This is designed to be a forward-looking report, typically, and most commonly to be used to view the upcoming Post Month billings.	Reports (AR & Payments)	Jessica Miller & Aasawari Naigaonkar	#ask-reporting-ar	Operations	Reports	prebill	Entrata Core	21-30		Financial Operations - Billing	Property Ops Experience	
Precise ID Verification	This report will display the number of applicants who have gone through Precise ID and their results.	Reports (PaaS)	Kolby Henry	#ask-reporting-paas	Leasing	Reports	precise_id_verification_new	No Product Requirement					
Preferred Amenities	This report will show the Preferred Amenities and Actual Amenities for each listed lead.	Reports (PaaS)	Kolby Henry	#ask-reporting-paas	Operations	Reports	preferred_amenities	No Product Requirement			Resident Operations - Sub-Vertical - Student	Property Ops Experience	
Prepayments and Deposit Refunds	The Prepayments and Deposit Refunds report provides you with valuable information concerning prepayment refunds and deposit refunds based on a single post month or over a span of time (post month range).	Reports (AR & Payments)	Jessica Miller & Aasawari Naigaonkar	#ask-reporting-ar	Operations	Core (AP)	prepayments_and_deposit_refunds	Entrata Core			Financial Operations - Customer Transactions	Property Ops Experience	
Pricing Audit	This usage of the Pricing Audit report varies depending on what view you're looking at: The Variance view shows what the leasing agents are actually getting for the unit. When you advertise a specific price it does not necessarily mean you're getting that price for the unit. This view will show you what the units are actually leasing for. The Acceptance view gives you an inside view on what the Entrata Pricing tool is suggesting the price be for specific units and what is actually being posted. This view shows the frequency of price changes from what the tool recommends. Not only is this view beneficial for your use, but it also allows for Entrata to see if any settings need to be adjusted in order to get the prices more to what you are wanting.	Reports (AR & Payments)	Jessica Miller & Aasawari Naigaonkar	#ask-reporting-ar	Pricing	Reports	pricing_audit	Revenue Intelligence with Consulting, Student Revenue Intelligence with Consulting			Entrata Pricing	N/A	
Pricing Audit (Student)	The business purpose of this report is different from what view the client is looking at. The variance view is to know what the leasing agents are actually getting for the unit. When they advertise a specific price it does not necessarily mean they are getting that price for the unit. This view of the report will give them a view on what the units are actually leasing for. The acceptance view will give the client an insight view on what we are suggesting the price be for specific units and what is actually being posted. This will give an insight view on how much prices are being changed from what we recommend. Not only is this a view for the property and company, but for Entrata to see if any settings need to be adjusted in order to get the prices more to what the clients want.	Reports (AR & Payments)	Jessica Miller & Aasawari Naigaonkar	#ask-reporting-ar	Pricing	Reports	pricing_audit_(student)	Revenue Intelligence with Consulting, Student Revenue Intelligence with Consulting			Student Pricing	N/A	
Pricing Performance Analysis	The Pricing Performance Analysis report shows an overall view of how a specific property is performing regarding pricing. The performance numbers are broken up between new leases, renewal leases, and an executive analysis. This report gives values such as rent per executed sqft and average vacant days to help guide pricing decisions. Please Note: This report requires your company to use the Entrata Pricing product to be able to access this report.	Reports (AR & Payments)	Jessica Miller & Aasawari Naigaonkar	#ask-reporting-ar	Pricing	Reports	pricing_lease_performance_analysis	No Product Requirement			Entrata Pricing	N/A	
Privacy Requests	Applicants and Residents, under certain law, have the right to request what personal identifiable information (PII) is stored  and they can also request it to be removed. This includes things like name, date of birth, social security number, gender, etc. These requests are submitted by the applicant or resident to the property. The property then reviews those request and sends a request to Entrata to gather the PII data, or remove the PII data	Reports (PaaS)	Kolby Henry	#ask-reporting-paas	Operations	Reports	privacy_requests	No Product Requirement			Unsure	Unsure	
Project Occupancy	This report is issued by Army bases/installations in order to report on installation occupancy values on a quarterly basis. This report is one that is included in the 'PAM' report packet. Currently, only clients that have access to the military product can use this report.	Reports (AR & Payments)	Jessica Miller & Aasawari Naigaonkar	#ask-reporting-ar	Operations	Reports	project_occupancy	Entrata Military				N/A	
Property Addresses	This report provides the user a high-level view of each selected property to view their address, owner, and timezone. This report is best served for regional and higher personel that deal with multiple properties. Currently, there are no required permissions needed in order to use this report.	Reports (AR & Payments)	Jessica Miller & Aasawari Naigaonkar	#ask-reporting-ar	Operations	Reports	property_addresses	No Product Requirement				N/A	
Property Attribute	This report allows users to be able to generate a report showing summary review information specifically focusing on the positive/negative attributes that were given during the reviews for the given period. Currently, only clients that have the Reputation Advisor product can use this report.	Reports (PaaS)	Kolby Henry	#ask-reporting-paas	System	Reports	property_attribute	ReputationAdvisor					
Property Billing	The Property Billing report will show a summary of all the utility charges and a breakdown for each resident for a property.	Utilities Expense Recapture	Jeanine Miller	#ask-utilities-expense-recapture	Utilities	Reports	property_billing	ResidentUtility				N/A	
Property Checklists	This report allows you to see the Move-In/Move-Out Board progress across all of your checklist enabled properties.	Reports (PaaS)	Kolby Henry	#ask-reporting-paas	Operations	Reports	property_checklists	No Product Requirement				N/A	
Property Closings	This report provides an overview of the current AR, AP, and GL period, for all selected properties.	Reports (AP GL & Facilities)	Kolby Henry	#ask-reporting-ap	Accounting	Reports	property_closings	Entrata Core			Financial Operations - General Accounting	Property Ops Experience	
Property Comparison	The Property Comparison report displays the Net Change for the specified period by GL Account, for multiple properties in a by property format.	Reports (AP GL & Facilities)	Kolby Henry	#ask-reporting-ap	Accounting	Core (AP)	property_comparison	No Product Requirement			Financial Operations - General Accounting	Property Ops Experience	
Property Directory	The purpose of this report is to provide the current user with a high-level listing of their Buildings and Units to ensure that each is appropriately setup within Entrata.  This is a report will display data at a property level and is best used at an executive level	Reports (AR & Payments)	Jessica Miller & Aasawari Naigaonkar	#ask-reporting-ar	Operations	Reports	property_directory	No Product Requirement				N/A	
Property Groups	The Property Groups report will list the properties that are assigned to the Property Groups selected within the Property Groups filter.  This report is designed to validate that your property groups have been configured properly and are up to date should properties be added or removed from any specific group.	Reports (PaaS)	Kolby Henry	#ask-reporting-paas	System	Reports	property_group	Entrata Core				N/A	
Property Merchant Accounts	The Property Merchant Accounts report will list out all the merchant accounts per property.	Reports (AR & Payments)	Jessica Miller & Aasawari Naigaonkar	#ask-reporting-ar	System	Reports	property_merchant_accounts	No Product Requirement				N/A	
Property Meter Health	The Property Meter Health report takes a look at the health of the meters for a property. It returns info on any flag or issues with the meters at a property.	Reports (AR & Payments)	Jessica Miller & Aasawari Naigaonkar	#ask-reporting-ar	Utilities	Reports	property_meter_health	ResidentUtility			Utilities (UEM/UEO/RU)	Tech-Enabled Services	
Property Payment Transfers	The Property Payment Transfers report assists in tracking payments that are transferred from one property to another.	Reports (AR & Payments)	Jessica Miller & Aasawari Naigaonkar	#ask-reporting-ar	Payments	Reports	property_payment_transfers	No Product Requirement			Financial Operations - Payments	Property Ops Experience	
Property Payments	Payment Data by Property	Reports (AR & Payments)	Jessica Miller & Aasawari Naigaonkar	#ask-reporting-ar	Operations	Reports	property_payments	No Product Requirement				N/A	
Property Performance	Property Performance Report. Report excludes Other Income profiles.	Reports (PaaS)	Kolby Henry	#ask-reporting-paas	Leasing	Reports	property_performance	No Product Requirement				N/A	
Property Preferences	The Property Preferences report will show each property and the current configurations of various property-level settings.	Reports (PaaS)	Kolby Henry	#ask-reporting-paas	System	Reports	property_preferences	No Product Requirement				N/A	
Property Product Usage	Contract information on a property and product basis.	Reports (AR & Payments)	Jessica Miller & Aasawari Naigaonkar	#ask-reporting-ar	Operations	Reports	property_product_usage	No Product Requirement				N/A	
Property Pulse	This report gives a high-level overview of what is happening on various properties with concerns to leads, applications, lease changes/events, turn over, etc. This information enables you to get a quick understanding on how the properties are doing with regards to these data elements. Currently, there are no required permissions to access and use this report.	Reports (PaaS)	Kolby Henry	#ask-reporting-paas	Operations	Reports	property_pulse	Entrata Core, LeaseExecution, LeadManager	21-30		Unsure	Unsure	
Property Ratings	This report will provide you with information regarding all the reviews that have been filled out and the ratings that residents have given for the selected properties. Only clients that have the reputation advisor product can access and use the report.	Reports (PaaS)	Kolby Henry	#ask-reporting-paas	Operations	Reports	property_ratings	No Product Requirement			Marketing Strategy Hub	Marketing	
Property Setting Changes	Shows setting changes that were recorded in property_setting_logs.	Reports (PaaS)	Kolby Henry	#ask-reporting-paas	System	Reports	property_settings	No Product Requirement				N/A	
Property Website Domains	The Property Website Domains report shows the active websites and the subdomains for each property.  You can also display inactive websites for historical reference.	Reports (PaaS)	Kolby Henry	#ask-reporting-paas	System	Reports	property_website_domains	No Product Requirement			Prospect Portal	Marketing	
ProspectPortal Traffic	The ProspectPortal Traffic Report will show statistics regarding website traffic. The report uses a paid Google Analytic subscription to pull the data. All column definitions are taken from the Google Analytics website.	Reports (PaaS)	Kolby Henry	#ask-reporting-paas	Marketing	Reports	prospectportal_traffic	Entrata Core, ProspectPortal, ResidentPortal, ResidentPay, Client Admin, LobbyDisplay, API Services, Entrata Company Website, Gmail Email, Vacancy com, Check Scanning, PM Software Integration, ILS Portal, Blog, Payment Processing, LeaseExecution, Message Center, Craigslist Posting, SiteTablet, CallTracking, Facebook Integration, ResidentUtility, Renters Insurance, Custom Development, Revenue Intelligence with Consulting, LeadManager, Print Brochure, Leasing Center, ParcelAlert, CallAnalysis, Paid Ad Services, ResidentVerify, Marketing Templates, Lead Alert, InspectionManager, Entrata PaaS, Entrata Affordable, Domain Management, VendorAccess, Facilities Management, Invoice Processing, Entrata Tablet, AdminSync, ReputationAdvisor, Data Fix, ResidentSupport Premium, Utility Expense Management			ProspectPortal	N/A	
Publishing History	The Publishing History report gives clients the ability to see the publishing history for the Entrata Pricing tool, allowing them to see who priced it, what change was made, why that change was made, and when the change was made.	Reports (AR & Payments)	Jessica Miller & Aasawari Naigaonkar	#ask-reporting-ar	Pricing	Reports	publishing_history	Revenue Intelligence with Consulting, Student Revenue Intelligence with Consulting			Entrata Pricing	N/A	
Publishing History (Student)	The Publishing History report gives clients the ability to see the publishing history for the Entrata Pricing tool, allowing them to see who priced it, what change was made, why that change was made, and when the change was made.	Reports (AR & Payments)	Jessica Miller & Aasawari Naigaonkar	#ask-reporting-ar	Pricing	Reports	publishing_history_(student)	Revenue Intelligence with Consulting, Student Revenue Intelligence with Consulting			Student Pricing	N/A	
Purchase Order Details	The Purchase Order Details report provides a summarized information on purchase orders as well as details for each line item on the purchase order. This report allows you to review purchase orders for approval and other purposes.	Reports (AP GL & Facilities)	Kolby Henry	#ask-reporting-ap	Accounting	Core (AP)	purchase_order_details	Entrata Core			Financial Operations - Invoices	Property Ops Experience	
Quarterly Income Statement	The Quarterly Income Statement gives you a view of how your property is performing in respect to your budget over a quarter.	Reports (AP GL & Facilities)	Kolby Henry	#ask-reporting-ap	Accounting	Core (AP)	quarterly_income_statement	Entrata Core			Financial Operations - General Accounting	Property Ops Experience	
Quarterly Occupancy By Unit Type	This report will allow clients that have military properties to see detailed information on the occupancy rate by unit type on a quarterly basis. Currently, only clients that have access to the military product can use this report.	Reports (AR & Payments)	Jessica Miller & Aasawari Naigaonkar	#ask-reporting-ar	Operations	Reports	quarterly_occupancy_by_unit_type	Entrata Military			Resident Operations - Sub-Vertical - Military	Property Ops Experience	
Quarterly Offline Units	This report will provide a detailed look of units that are currently offline or in a 'down' status. Currently, only clients that have access to the military product can use this report.	Reports (AR & Payments)	Jessica Miller & Aasawari Naigaonkar	#ask-reporting-ar	Operations	Reports	quarterly_offline_units	Entrata Military			Resident Operations - Sub-Vertical - Military	Property Ops Experience	
Quarterly Security Deposits	This report will provide detailed information regarding all resident security and pet deposits that have been posted during the selected date range. Currently, only clients that have Entrata Core and the military product can use this report.	Reports (AR & Payments)	Jessica Miller & Aasawari Naigaonkar	#ask-reporting-ar	Operations	Reports	quarterly_security_deposits	Entrata Military			Resident Operations - Sub-Vertical - Military	Property Ops Experience	
Reasonable Accommodations	We're creating the 'Reasonable Accommodations' report to allow property managers the ability to track who has an exception to a policy. This report will help with any follow up to a policy expiring and provides key metrics relating to policy accommodations.	Reports (PaaS)	Kolby Henry	#ask-reporting-paas	Operations	Reports	reasonable_accommodations	No Product Requirement			Resident Operations - Workflows	Property Ops Experience	
Receipts By Charge Codes	The receipts by charge code report displays resident receipts collected within the current post month by the charge codes that the receipts were applied to. It also lists any prior post month receipts that are allocated to charges within the current post month. The report is useful for analyzing how resident receipts are allocated to charges.	Reports (AR & Payments)	Jessica Miller & Aasawari Naigaonkar	#ask-reporting-ar	Operations	Reports	receipts_by_charge_code	Entrata Core			Financial Operations - Customer Transactions	Property Ops Experience	
Recurring Charges Forecast	This report will provide you with a forward-looking overview of the recurring charges that have been setup. This will allow you to verify what will be billed to each resident/household for the current and future month(s).	Reports (AR & Payments)	Jessica Miller & Aasawari Naigaonkar	#ask-reporting-ar	Operations	Reports	recurring_charges_forecast	Entrata Core			Financial Operations - Billing	Property Ops Experience	
Recurring Invoices	The Recurring Invoices report provides a list of all of the active and scheduled recurring invoices created within the Vendor Profile>>Financial>>Recurring Transactions tab.	Reports (AP GL & Facilities)	Kolby Henry	#ask-reporting-ap	Accounting	Core (AP)	recurring_invoices	Entrata Core			Financial Operations - Vendors	Property Ops Experience	
Recurring Payments	The Recurring Payments report will show a summary of recurring payments that have been set up by the property and residents. It will show payment details and will allow you to filter by active, deleted, or all recurring payments.	Reports (AR & Payments)	Jessica Miller & Aasawari Naigaonkar	#ask-reporting-ar	Payments	Reports	recurring_payments	No Product Requirement			Financial Operations - Payments	Property Ops Experience	
Reimbursable Expense Pools	This report allows the user to see and download information regarding Entrata Commercial's Reimbursable Expense Pools product found under Residents >> Tenants >> Tools >> Reimbursable Expense Pools	Reports (AR & Payments)	Jessica Miller & Aasawari Naigaonkar	#ask-reporting-ar	Operations	Reports	reimbursable_expense_pools	Entrata Core, Entrata Commercial			Financial Operations - Billing	Property Ops Experience	
Renewals and Offers	This report will combine the Renewal Offers and Renewals report to offer a single comprehensive report allowing you to be able to efficiently manage households going through the renewal process or identify those households who have renewed.	Reports (AR & Payments)	Jessica Miller & Aasawari Naigaonkar	#ask-reporting-ar	Operations	Reports	renewals_and_offers	No Product Requirement			Resident Operations - Mid-Lease Modifications	Property Ops Experience	
Rent Roll	The <strong>Rent Roll</strong> report provides a high-level overview of the rent and transactional impact for all units within the property as well as various statistical information regarding rents across unit types, lease status, and transaction code summary breakdown.	Reports (AR & Payments)	Jessica Miller & Aasawari Naigaonkar	#ask-reporting-ar	Operations	Reports	rent_roll1_0	Entrata Core	1-5			N/A	
Rent Roll (Charge Code)	The Rent Roll (Charge Code) report provides a high-level overview of the rent and transactional impact for all units within the property as well as various statistical information regarding rents across unit types, lease status, and transaction code summary breakdown.	Reports (AR & Payments)	Jessica Miller & Aasawari Naigaonkar	#ask-reporting-ar	Operations	Reports	rent_roll_(charge_code)	Entrata Core					
Rent Roll Non Core	Rent Roll Non Core	Reports (AR & Payments)	Jessica Miller & Aasawari Naigaonkar	#ask-reporting-ar	Operations	Reports	rent_roll_non_core	No Product Requirement				N/A	
Rent Variance	Shows visibility if leases are being executed by the amount dictated by Revenue Management or market rent for the unit/unit type. Currently, only clients that have Entrata Core can access and use this report.	Reports (AR & Payments)	Jessica Miller & Aasawari Naigaonkar	#ask-reporting-ar	Operations	Reports	rent_variance	No Product Requirement				N/A	
Rentable Items	Rentable Items Report.	Reports (AR & Payments)	Jessica Miller & Aasawari Naigaonkar	#ask-reporting-ar	Operations	Reports	rentable_items	Entrata Core			Asset Operations - Configurations	Property Ops Experience	
Rentable Items Availability	This report will provide you with the ability to quickly identify which rentable items are available to be rented to potential residents.	Reports (AR & Payments)	Jessica Miller & Aasawari Naigaonkar	#ask-reporting-ar	Operations	Reports	rentable_items_availability	No Product Requirement			Asset Operations - Configurations	Property Ops Experience	
Rental History Watchlist	The Rental History Watchlist will give clients an opportunity to see prospects who have applied or leased at other properties within the company and have been deemed not suited to rent to.	Reports (PaaS)	Kolby Henry	#ask-reporting-paas	Leasing	Reports	rental_history_watchlist	ResidentVerify			Entrata Affordable	N/A	
Report Directory	This report will allow clients to get a full list of reports along with the general description and other basic details.  This will make reviewing what reports Entrata offers much more efficiently to the end-user.	Reports Framework	Brigham Shipley	#ask-reporting-framework	System	Reports	report_directory	No Product Requirement				N/A	
Report Download Activity	Shows reports that have been downloaded, as well as the users and the times that they were downloaded.	Reports Framework	Brigham Shipley	#ask-reporting-framework	System	Reports	report_download_activity	No Product Requirement				N/A	
Report Packets Delivery	This report will provide the details of the packet(s) and if all the recipients of the packet(s) received the emails with an attachment for a given date.	Reports Framework	Brigham Shipley	#ask-reporting-framework	System	Reports	report_packets_delivery	No Product Requirement				N/A	
Reporting Mask Associations	The reporting Mask Associations report displays each account in the Income Statement (or Balance Sheet) and which accounts on the selected Child GL Tree are associated to them.	Reports (AP GL & Facilities)	Kolby Henry	#ask-reporting-ap	Accounting	Core (AP)	account_tree_mapping	Entrata Core			Financial Operations - General Accounting	Property Ops Experience	
Reputation Advisor Summary	The <strong>Reputation Advisor Summary</strong> report provides a high-level overview of reviews and ratings received in a given period.  This includes counts and percentages of overall reviews, ratings, and recommendations.  The metrics in this report are designed to match the Reputation Dashboard (Tools >> Reputation >> Dashboard) when run for the same properties, period, and sources.	Reports (PaaS)	Kolby Henry	#ask-reporting-paas	Operations	Reports	reputation_advisor_summary	No Product Requirement			ReputationAdvisor	N/A	
Resident Aged Receivables	This report will provide you with details on unpaid/delinquent amounts, showing the aging of those unpaid portions in order to determine how past due each unpaid charge is.  This report is designed for the accounting side of users and will match the Accounts Receivable GL account(s).	Reports (AR & Payments)	Jessica Miller & Aasawari Naigaonkar	#ask-reporting-ar	Operations	Reports	resident_aged_receivables	Entrata Core	6-10		Financial Operations - Revenue Protection	Property Ops Experience	
Resident Animals	This report provides information on your resident's pets, allowing users you track pets within the property. Currently, this report requires the Entrata Core product in order to access and use this report.	Reports (PaaS)	Kolby Henry	#ask-reporting-paas	Operations	Reports	resident_animals	No Product Requirement			Resident Operations - Workflows	Property Ops Experience	
Resident Balances	The Resident Balances report provides a summary look at how a household's balance is affected throughout a specific period by providing beginning balances, any charges and credits posted during the period and then the net ending balance of the period for each lease.  The report also provides a similar look at the deposit side of the lease.  This report can also include similar information for your Other Income (Non-Resident) accounts.  If there is no balance activity for the selected period, then the resident will not be shown.	Reports (AR & Payments)	Jessica Miller & Aasawari Naigaonkar	#ask-reporting-ar	Operations	Reports	resident_balances	Entrata Core			Financial Operations - Customer Transactions	Property Ops Experience	
Resident Bill Variance	The Resident Bill Variance report will show you the variance between the low, high and average utility costs.	Utilities Expense Recapture	Jeanine Miller	#ask-utilities-expense-recapture	Utilities	Reports	resident_bill_variance	ResidentUtility				N/A	
Resident Birthdays	This report allows you to pull a list of all residents within your properties that have birthdays within a specified period. The report also provides basic details for each resident making it easier to send various related forms of communication to them.	Reports (PaaS)	Kolby Henry	#ask-reporting-paas	Operations	Reports	resident_birthdays	No Product Requirement			Resident Operations - Workflows	Property Ops Experience	
Resident Charges	The Resident Charges report allows you to see details on charges that were posted to your residents' ledgers during a defined period of time.  This allows you to validate that all the necessary charges have been posted each month.	Reports (AR & Payments)	Jessica Miller & Aasawari Naigaonkar	#ask-reporting-ar	Operations	Reports	resident_charges	Entrata Core	11-20		Financial Operations - Customer Transactions	Property Ops Experience	
Resident Data	The Resident Data report allows you to create a customized report by giving you the option to pick and choose from specific resident-level data points (columns) that you wish to report on.	Reports (PaaS)	Kolby Henry	#ask-reporting-paas	Operations	Reports	resident_data	No Product Requirement	11-20		Resident Operations - Workflows	Property Ops Experience	
Resident Demographics	This report will provide you with various demographic data that relates to the residents that are currently residing at the property.	Reports (PaaS)	Kolby Henry	#ask-reporting-paas	Operations	Reports	resident_demographics	No Product Requirement			Resident Operations - Workflows	Property Ops Experience	
Resident Deposit Audit	The Resident Deposit Audit report is used to identify total deposits held and charged on a per resident basis.	Reports (AR & Payments)	Jessica Miller & Aasawari Naigaonkar	#ask-reporting-ar	Operations	Reports	resident_deposit_audit	Entrata Core			Financial Operations - Customer Transactions	Property Ops Experience	
Resident Deposit Refunds	The Resident Deposit Refunds report will display all past residents whose deposit was refunded during a set period of time.  This allows you to validate and reconcile all deposit refunds that have occurred.	Reports (AR & Payments)	Jessica Miller & Aasawari Naigaonkar	#ask-reporting-ar	Operations	Reports	resident_deposit_refunds	Entrata Core			Financial Operations - Customer Transactions	Property Ops Experience	
Resident Deposit Summary	The Resident Deposit Summary report enables you to view each resident indicating what has been charged compared to what has been paid for all or specific security deposit charge codes.	Reports (AR & Payments)	Jessica Miller & Aasawari Naigaonkar	#ask-reporting-ar	Operations	Reports	resident_deposit_summary	Entrata Core			Financial Operations - Customer Transactions	Property Ops Experience	
Resident Document Transfer	The Migrations - Resident Document Transfer Report will help in validating how many documents have been transferred. This tool will be used to validate when the PDM Tools Document Transfer call is used.	Reports (PaaS)	Kolby Henry	#ask-reporting-paas	Migrations	Reports	resident_document_transfer	No Product Requirement			DocEx	Leasing	
Resident Guests	This report will provide the user with information regarding guests that are staying temporarily with residents in the selected property.	Reports (PaaS)	Kolby Henry	#ask-reporting-paas	Operations	Reports	resident_guests	Entrata Core, ResidentPortal			Resident Portal	Resident XP	
Resident Ledger	This report will allow you to generate the full ledger for residents. This can be useful when generating statements towards residents, ledger audits, or when needed for eviction or collection purposes.	Reports (AR & Payments)	Jessica Miller & Aasawari Naigaonkar	#ask-reporting-ar	Operations	Reports	resident_ledger	Entrata Core			Financial Operations - Customer Transactions	Property Ops Experience	
Resident Portal Traffic	This report provides you with high-level information concerning various key resident portal traffic data points. This report will provide information pertaining to leases, emails, resident enrolled in Resident Portal, work orders, different payment types, etc. for all units within selected properties. Currently, all clients (core and integrated) can use this report.	Reports (PaaS)	Kolby Henry	#ask-reporting-paas	Operations	Reports	resident_portal_traffic	No Product Requirement			Resident Portal	Resident XP	
Resident Receipts	The purpose of this report is to allow you to reconcile payments submitted by residents and their corresponding bank deposits (if applicable) to determine that all payments have been submitted and processed accordingly.	Reports (AR & Payments)	Jessica Miller & Aasawari Naigaonkar	#ask-reporting-ar	Operations	Reports	resident_receipts	Entrata Core			Financial Operations - Customer Transactions	Property Ops Experience	
Resident Referrals	This report provides a list of all leads who have been referred by residents of the selected properties.  The report will show information on the lead, the resident who submitted the referral, and the referral.	Reports (PaaS)	Kolby Henry	#ask-reporting-paas	Operations	Reports	resident_referrals	No Product Requirement			Resident Portal	Resident XP	
Resident Repayment Agreements	The Resident Repayment Agreements report provide you a list of all residents who have active repayment agreements, for the selected report period, along with the current details of those agreements.	Reports (AR & Payments)	Jessica Miller & Aasawari Naigaonkar	#ask-reporting-ar	Operations	Reports	resident_repayment_agreements	Entrata Core			Financial Operations - Revenue Protection	Property Ops Experience	
Resident Retention	The Resident Retention Report allows you to track and manage expiring leases. It uses a period filter to pull in all leases with a lease end date in the period selected and will display those leases in 6 categories based on the projected (for future months) or historical (for prior months) next step. Those six categories are early move-outs, NTV, Renewals, Renewal Transfers, Pending, and MTM. Common uses of this report are to follow-up on Pending Residents and to reward staff based on retention percentages. This report also has a detailed view showing one resident per line.	Reports (PaaS)	Kolby Henry	#ask-reporting-paas	Operations	Reports	resident_retention	No Product Requirement	21-30		Resident Operations - Mid-Lease Modifications	Property Ops Experience	
Resident Utility Billing Details	The Resident Utility Billing Details report shows details pertaining to residents utility bills.	Reports (AR & Payments)	Jessica Miller & Aasawari Naigaonkar	#ask-reporting-ar	Utilities	Reports	resident_utility_billing_details	ResidentUtility			Utilities (UEM/UEO/RU)	Tech-Enabled Services	
Resident Write-offs	The Resident Write-offs report will provide you with a list of write-off transactions that were posted during a selected period/range of time.	Reports (AR & Payments)	Jessica Miller & Aasawari Naigaonkar	#ask-reporting-ar	Operations	Reports	resident_write_offs	Entrata Core			Financial Operations - Revenue Protection	Property Ops Experience	
Retention History	This report provides a history of all retained amounts, retention released, and outstanding retention for a vendor.	Reports (AP GL & Facilities)	Kolby Henry	#ask-reporting-ap	Accounting	Core (AP)	retention_history	Entrata Job Costing			Asset Operations - Budgeting and Job Costing	Property Ops Experience	
Revenue Performance Analysis	The Revenue Performance Analysis report shows an overall view of how a specific property is performing regarding pricing. The performance numbers are broken up between new leases, renewal leases, and an executive analysis. This report gives values such as rent per executed sqft and average vacant days to help guide pricing decisions. Please Note: This report requires your company to use Revenue Management product to be able to access this report.	Reports (AR & Payments)	Jessica Miller & Aasawari Naigaonkar	#ask-reporting-ar	Pricing	Reports	revenue_performance_analysis	Revenue Intelligence					
Review Activity	This report will give an overview of the activity that the property has undergone regarding reviews; specifically, if the property has read the reviews, replied to them, or if the reviews are still unread and haven't been replied to. Currently, only clients that have the reputation advisor product can access and use this report.	Reports (PaaS)	Kolby Henry	#ask-reporting-paas	Operations	Reports	review_activity	No Product Requirement			Marketing Strategy Hub	Marketing	
Review Attributes	This report will allow you to be able to generate a report showing summary review information specifically focusing on the positive/negative attributes that were given during the reviews of the given period. Currently, only clients that have the Reputation Advisor will be able to use the report.	Reports (PaaS)	Kolby Henry	#ask-reporting-paas	Operations	Reports	review_attribute	ReputationAdvisor			Marketing Strategy Hub	Marketing	
Reviews	The Reviews report allows you to view reviews that have been created for the property(ies) selected, as well as the the rating, recommended status, and source of where the review was posted. Currently, only clients that have the Reputation Advisor product will be able to use this report.	Reports (PaaS)	Kolby Henry	#ask-reporting-paas	Operations	Reports	reviews	No Product Requirement			Marketing Strategy Hub	Marketing	
Rolling Renovation Details	This report provides unit-level details of Rolling Renovation type jobs.	Reports (AP GL & Facilities)	Kolby Henry	#ask-reporting-ap	Accounting	Reports	rolling_renovation_details	Entrata Job Costing			Asset Operations - Budgeting and Job Costing	Property Ops Experience	
Roommate Groups	This report is designed to assist properties in managing resident who want to form a roommate group.	Reports (PaaS)	Kolby Henry	#ask-reporting-paas	Operations	Reports	roommate_groups	No Product Requirement			Resident Operations - Sub-Vertical - Student	Property Ops Experience	
Roommate Interests Responses	The Roommate Interests Responses report will provide you with a viewable/printable list of all active residents and leads and their application preference questions and responses that would be used for roommate matching purposes. This is a useful report for any student properties in conjunction with Bulk Unit Assignments (BUA) and matching students with similar preferences. Currently, only clients that have Entrata Core and Student can use this report.	Reports (PaaS)	Kolby Henry	#ask-reporting-paas	Operations	Reports	roommate_interests_responses	Entrata Core			Resident Operations - Sub-Vertical - Student	Property Ops Experience	
RTB Registration Report	This report is meant to track and audit registrations for the Residential Tenancies Board.	Reports (PaaS)	Kolby Henry	#ask-reporting-paas	Operations	Reports	rtb_registration_report	No Product Requirement					
Saved Payment Methods	The Saved Payment Methods report contains datasets to display residents who have saved payment, or refund, methods, as well as those who do not. Resident and payment method details are available for view for those residents who have saved payment methods. Resident details are available for display for those who do not. This report can be used to view saved payment method details, as well as whether or not the payment method has been verified.	Reports (AR & Payments)	Jessica Miller & Aasawari Naigaonkar	#ask-reporting-ar	Payments	Reports	saved_payment_methods_report	No Product Requirement			Financial Operations - Payments	Property Ops Experience	
Schedule Charges Verification	Schedule charges verification report	Reports (AR & Payments)	Jessica Miller & Aasawari Naigaonkar	#ask-reporting-ar	System	Reports	schedule_charges_verification	No Product Requirement			Financial Operations - Billing	Property Ops Experience	
Schedule of Values	This report provides a comprehensive list of budget and draw request amounts by job cost code for a job.	Reports (AP GL & Facilities)	Kolby Henry	#ask-reporting-ap	Accounting	Reports	schedule_of_values	Entrata Job Costing			Asset Operations - Budgeting and Job Costing	Property Ops Experience	
Scheduled Charge Approval Routing	The Scheduled Charge Approval Routing report provides high-level information about scheduled charge changes that are pending approval per the approval routing setup.	Reports (AR & Payments)	Jessica Miller & Aasawari Naigaonkar	#ask-reporting-ar	Operations	Reports	scheduled_charge_approval_routing	Entrata Core			Financial Operations - Billing	Property Ops Experience	
Scheduled Charges by Lease	The Scheduled Charges by Lease report provides you with a list of scheduled recurring charges for each listed household, allowing you to validate if the appropriate charges have been set up to bill on a recurring basis.	Reports (AR & Payments)	Jessica Miller & Aasawari Naigaonkar	#ask-reporting-ar	Operations	Reports	scheduled_charges_by_lease	Entrata Core	11-20		Financial Operations - Billing	Property Ops Experience	
Screening Billing Details	The Screening Billing Details report will provide the screen date, type, and amount billed in a summary type report. It will coincide with the bill received from Resident Verify and will be useful when auditing.	Reports (PaaS)	Kolby Henry	#ask-reporting-paas	Leasing	Reports	screening_billing_details	No Product Requirement			Resident Verify	Leasing	
Screening Results Summary	The Screening Results Summary Report will show the results of screenings, (pass, fail, pass with conditions), as well as statistics regarding any overrides of a screening result.	Reports (PaaS)	Kolby Henry	#ask-reporting-paas	Leasing	Reports	screening_results_summary	No Product Requirement			Resident Verify	Leasing	
Screening Score Analysis	The Screening Score Analysis Report enables you to see the trends in credit and RV index scores of those being screened. Analyzing these trends can help you determine what the best screening threshold criteria for your property is.	Reports (PaaS)	Kolby Henry	#ask-reporting-paas	Leasing	Reports	screening_score_analysis	No Product Requirement			Resident Verify	Leasing	
Screening Vendors	The Screening Vendors report is for clients who use a third party screening vendor through Entrata. It will provide the applicant or guarantor name, screening date, result, and screening decision. This report has no product restrictions.	Reports (PaaS)	Kolby Henry	#ask-reporting-paas	Leasing	Reports	screening_vendors	No Product Requirement			Resident Verify	Leasing	
Security Deposit Details	The Security Deposit Details report gives a run down of the security deposits for the property and the activity towards the Ledger.	Reports (AR & Payments)	Jessica Miller & Aasawari Naigaonkar	#ask-reporting-ar	System	Reports	security_deposit_details	Entrata Core			Financial Operations - Customer Transactions	Property Ops Experience	
Services Schedule	The purpose of this report is to support updates to the Services product which, when setup by the property, allows residents to schedule certain services. This report provides both a summary and details pertaining to these scheduled services and helps the property operators track them. For services which the property choose to track completion on, this report will help track which have been completed and which remain incomplete.	Reports (AR & Payments)	Jessica Miller & Aasawari Naigaonkar	#ask-reporting-ar	Operations	Reports	services_schedule	Entrata Core			Asset Operations - Configurations	Property Ops Experience	
Settlement Distributions	The Settlement Distribution report will show all batch payments that have settled into the property's bank account.	Reports (AR & Payments)	Jessica Miller & Aasawari Naigaonkar	#ask-reporting-ar	Payments	Reports	settlement_distributions	No Product Requirement			Financial Operations - Payments	Property Ops Experience	
Shared User Accounts	The Shared User Accounts report will show a list of users that have shared accounts.	Reports (PaaS)	Kolby Henry	#ask-reporting-paas	System	Reports	shared_user_accounts	No Product Requirement			Resident Verify	Leasing	
Site Tablet Usage	The Site Tablet Usage report will help you gauge how well the Site Tablet product is being utilized to perform on-site duties such as: entering leads, creating work orders, and recording packages. Currently, only clients that have site tablet can use this report.	Reports (PaaS)	Kolby Henry	#ask-reporting-paas	Operations	Reports	site_tablet_usage	SiteTablet			Site Tablet (or Property Ops)	Resident XP	
SMS Message Log	SMS Message Log shows a log of all SMS messages for the selected time period.	Reports (PaaS)	Kolby Henry	#ask-reporting-paas	Communications	Reports	sms_message_log	No Product Requirement			Message Center	Marketing	
Specials	This report provides a detailed view of Property, Unit Type, Floor Plan, and Unit Space specials that have been created within the properties selected. This report also allows you to view which residents and/or prospects that are associated to each special listed. This report will include all types of charges that are associated to any type of special (recurring or one-time).	Reports (AR & Payments)	Jessica Miller & Aasawari Naigaonkar	#ask-reporting-ar	Operations	Reports	specials	Entrata Core, ProspectPortal, ResidentPortal			Asset Operations - Rates Management	Property Ops Experience	
Statistical Income Statement	The Statistical Income Statement analyzes the income statement balances on a unit basis and also as a percentage of total income. The report also projects annualized balances. The report is useful for analyzing trends over time and projecting future income & expenses.	Reports (AP GL & Facilities)	Kolby Henry	#ask-reporting-ap	Accounting	Core (AP)	statistical_income_statement	Entrata Core			Financial Operations - General Accounting	Property Ops Experience	
Student Turn 	This report will assist properties in managing their turn units with various metrics. This is currently the first iteration of this report, please pass feedback to a support representative to help improve this report.	Reports (PaaS)	Kolby Henry	#ask-reporting-paas	Operations	Reports	student_turn	Entrata Core, Entrata Student					
Submitted Forms	The Submitted Forms report will list all forms that have been submitted by residents.	Reports (PaaS)	Kolby Henry	#ask-reporting-paas	System	Reports	submitted_forms	No Product Requirement			Resident Portal	Resident XP	
Table Logs	The Table Logs report will generate a list of interactions each user had within the selected database table. Not all tables within Entrata are available to be selected as only a specific number of tables are available to be selected. The report will also allow you to view the log as well.	Reports (AR & Payments)	Jessica Miller & Aasawari Naigaonkar	#ask-reporting-ar	System	Reports	table_logs	No Product Requirement				N/A	
Texas Household Data	This is the Texas Household Data that is required for quarterly Tax Credit reporting on households for the state of Texas.	Reports (AR & Payments)	Jessica Miller & Aasawari Naigaonkar	#ask-reporting-ar	Tax Credits	Reports	texas_household_data	Entrata Affordable			Resident Operations - Sub-Vertical - Affordable	Property Ops Experience	
Texas Tenant Data	This is the Texas Household Data that is required for quarterly Tax Credit reporting on the individual household member data for the state of Texas.	Reports (AR & Payments)	Jessica Miller & Aasawari Naigaonkar	#ask-reporting-ar	Tax Credits	Reports	texas_tenant_data	Entrata Affordable			Resident Operations - Sub-Vertical - Affordable	Property Ops Experience	
Tiered Offers	This report will allow you to see information on your tiered offer templates and information on the profiles that were extended offers from these templates.  It includes information about rent discounts, specials, and gift incentives tied to each offer in order to track who has received which deals.	Reports (AR & Payments)	Jessica Miller & Aasawari Naigaonkar	#ask-reporting-ar	Operations	Reports	tiered_offers	Entrata Core			Asset Operations - Rates Management	Property Ops Experience	
Tiered Renewal Offers	This report assists student properties in tracking their renewal process along with any incentives that have been set up within renewal tiers. The non-consolidated version of the report enables properties to track residents who have accepted renewals and assisting those students who have not yet accepted in showing what their renewal rate and incentive will be based on available tiers. The consolidated version shows a high-level overview of each tier showing average renewal rates and cap information.	Reports (AR & Payments)	Jessica Miller & Aasawari Naigaonkar	#ask-reporting-ar	Operations	Reports	tiered_renewal_offers	No Product Requirement			Asset Operations - Rates Management	Property Ops Experience	
Total Cost By Utility	The Total Cost By Utility report will show the total cost for each utility per property or portfolio.	Reports (AR & Payments)	Jessica Miller & Aasawari Naigaonkar	#ask-reporting-ar	Utilities	Reports	total_cost_by_utility	Utility Expense Management			Utilities (UEM/UEO/RU)	Tech-Enabled Services	
Total Reach	The Total Reach report shows the total number of recipients the messages can reach (email, SMS, or phone).	Reports (PaaS)	Kolby Henry	#ask-reporting-paas	Communications	Reports	total_reach	No Product Requirement			Message Center	Marketing	
Tour Conversion	The Tour Conversion Report allows you to see how well each type of first event converts to a tour, a completed application, and ultimately a lease. Report excludes Other Income profiles.	Reports (PaaS)	Kolby Henry	#ask-reporting-paas	Leasing	Reports	tour_conversion	No Product Requirement	21-30		Lead Management	Marketing	
Traffic and Events	The Traffic and Events Report will show the type and amount of traffic for a property, lead source, or leasing agent.	Reports (PaaS)	Kolby Henry	#ask-reporting-paas	Leasing	Reports	traffic_and_events	No Product Requirement	11-20		Lead Management	Marketing	
Transaction Approval	This report will show all transactions that have met the criteria to require approval routing. This will allow regional and corporate level users the ability to audit transactions that require approval and the user that created them in order to avoid unauthorized transactions from being posted.	Reports (AR & Payments)	Jessica Miller & Aasawari Naigaonkar	#ask-reporting-ar	Operations	Reports	transaction_approval	Entrata Core			Financial Operations - Customer Transactions	Property Ops Experience	
Transmissions	Transmissions	Reports (PaaS)	Kolby Henry	#ask-reporting-paas	System	Reports	transmissions	No Product Requirement			Integration enablement: API Framework	Central Services & Data Management Platform	
Trending Delinquency	The purpose of this report is to track Delinquency over the course of a month and then compare to Prior Year data. This report also can be used to track daily allocations and track the number of Delinquent Residents day over day.	Reports (AR & Payments)	Jessica Miller & Aasawari Naigaonkar	#ask-reporting-ar	Operations	Reports	trending_delinquency	Entrata Core			Financial Operations - Revenue Protection	Property Ops Experience	
Trending Occupancy	The Trending Occupancy report outlines occupancy at the beginning of the period and any scheduled move-ins or move-outs within that period, resulting in the projected ending occupancy. Currently, there are no required permissions need to use this report.	Reports (AR & Payments)	Jessica Miller & Aasawari Naigaonkar	#ask-reporting-ar	Operations	Reports	trending_occupancy	No Product Requirement				N/A	
Trial Balance	The Trial Balance provides a listing of all gl accounts, and their debit/credit activity for the reporting period.	Reports (AP GL & Facilities)	Kolby Henry	#ask-reporting-ap	Accounting	Core (AP)	trial_balance	Entrata Core	11-20		Financial Operations - General Accounting	Property Ops Experience	
Trial Balance by Property	The Trial Balance by Property provides the ending balance or net change of each GL account for the selected period with all of the selected properties listed side by side.	Reports (AP GL & Facilities)	Kolby Henry	#ask-reporting-ap	Accounting	Core (AP)	trial_balance_by_property	Entrata Core			Financial Operations - General Accounting	Property Ops Experience	
Trial Balance Comparison	The Trial Balance Comparison report shows the accounts and the Trail balance and ledger balance for each account associated with a property.	Reports (AP GL & Facilities)	Kolby Henry	#ask-reporting-ap	System	Core (AP)	trial_balance_comparision	Entrata Core			Financial Operations - General Accounting	Property Ops Experience	
Trial Balance Trailing	The Trial Balance Trailing provides a listing of all GL Accounts, and their total activity/ending balance or net change for the reporting period.	Reports (AP GL & Facilities)	Kolby Henry	#ask-reporting-ap	Accounting	Core (AP)	trial_balance_trailing	Entrata Core			Financial Operations - General Accounting	Property Ops Experience	
UEM/IP Processing		Reports (AR & Payments)	Jessica Miller & Aasawari Naigaonkar	#ask-reporting-ar	Utilities	Reports	uem/ip_processing	No Product Requirement			Utilities (UEM/UEO/RU)	Tech-Enabled Services	
Unallocated Payments And Concessions	The Unallocated Payments and Concessions report allows you to view details for all open, unallocated resident payments and concessions when an open charge also exists on the resident ledger. This information notifies you of any instances where payments and concessions may not be appropriately allocated, thus helping maintain clean, accurate resident ledgers.	Reports (AR & Payments)	Jessica Miller & Aasawari Naigaonkar	#ask-reporting-ar	Operations	Reports	unallocated_payments_and_concessions	Entrata Core			Financial Operations - Customer Transactions	Property Ops Experience	
Unclaimed Property Payments	The Unclaimed Property report gives you an overview of what has or needs to be turned over to the state as unclaimed property.	Reports (AP GL & Facilities)	Kolby Henry	#ask-reporting-ap	Accounting	Core (AP)	unclaimed_property_payments	Entrata Core			Financial Operations - Payments	Property Ops Experience	
Unit Exclusions	The Unit Exclusions report provides you with a list of all units that are flagged as excluded along with the exclusion reason and the starting and ending dates of when the unit was flagged.	Reports (AR & Payments)	Jessica Miller & Aasawari Naigaonkar	#ask-reporting-ar	Operations	Reports	unit_exclusions	Entrata Core				N/A	
Unit Expenses	The Unit Expenses report lists expenses by unit, to help give you insight into what's been spent for a given unit over a selected period of time. The transactions listed will be pulled from invoices and journal entries where a line item has been associated to a unit.	Reports (AP GL & Facilities)	Kolby Henry	#ask-reporting-ap	Accounting	Core (AP)	unit_expenses	No Product Requirement			Financial Operations - General Accounting	Property Ops Experience	
Unit Maintenance Alert	The Unit Maintenance Alert report provides you with information regarding the quantity of maintenance requests/items for a specific unit during specified time frame.  The report is useful for identifying units with an abnormal volume of maintenance needs.	Reports (AP GL & Facilities)	Kolby Henry	#ask-reporting-ap	Maintenance	Reports	unit_maintenance_alert	No Product Requirement			Asset Operations - Facilities Management	Property Ops Experience	
Unit Maintenance Expense	The Unit Maintenance Expense report displays the total labor, mileage, and material costs by work order for each unit over a period of time.	Reports (AP GL & Facilities)	Kolby Henry	#ask-reporting-ap	Maintenance	Reports	unit_maintenance_expense	No Product Requirement			Asset Operations - Facilities Management	Property Ops Experience	
Unit Space Data	The Unit Space Data report will list all the units/unit spaces for the property/properties selected, and will display data relating to each unit space (current resident, vacancy date, lease dates, deposits, scheduled rent, etc.). Currently, all clients (core and integrated) can use this report.	Reports (AR & Payments)	Jessica Miller & Aasawari Naigaonkar	#ask-reporting-ar	Operations	Reports	unit_space_data	Entrata Core, LeadManager				N/A	
Unit Type Rates	This report will display rent rates for each unit type and for every active lease term that is associated with the property(ies) selected.	Reports (AR & Payments)	Jessica Miller & Aasawari Naigaonkar	#ask-reporting-ar	Operations	Reports	unit_type_rates	Entrata Core				N/A	
Unsettled Payments	The Unsettled Payments report shows details regarding payments that have not settled into the bank account.	Reports (AR & Payments)	Jessica Miller & Aasawari Naigaonkar	#ask-reporting-ar	Payments	Reports	unsettled_payments	No Product Requirement			Financial Operations - Payments	Property Ops Experience	
User Login History	Through this report you can easily bulk audit user login history	Reports (PaaS)	Kolby Henry	#ask-reporting-paas	System	Reports	user_login_history	No Product Requirement			Permissions/users/groups	Central Services & Data Management Platform	
User Permissions Change Log	The User Permissions Change Log report allows you to view a list of all changes made to a user or group permissions/assignments during a specified period of time and who made the change.  This will capture any changes made to Setup >> Users & Groups.	Reports (PaaS)	Kolby Henry	#ask-reporting-paas	System	Reports	user_permissions_change_log	No Product Requirement			Permissions/users/groups	Central Services & Data Management Platform	
Users And Groups	The Users and Groups Report report will list all Users and Groups within the company and their various permissions and assignments that have been configured.	Reports (PaaS)	Kolby Henry	#ask-reporting-paas	System	Reports	users_and_groups	No Product Requirement			Permissions/users/groups	Central Services & Data Management Platform	
Utility Benchmarking	This report will allow you to see the expense and consumption rank for properties	Reports (AR & Payments)	Jessica Miller & Aasawari Naigaonkar	#ask-reporting-ar	Utilities	Reports	utility_benchmarking	Utility Expense Management			Utilities (UEM/UEO/RU)	Tech-Enabled Services	
Utility Bill	The Utility Bill report will list the utility bills for your properties.	Utilities Expense Management	Alysha Nielson	#ask-utilities-expense-management	Utilities	Reports	utility_bill	Utility Expense Management			Utilities (UEM/UEO/RU)	Tech-Enabled Services	
Utility Bill Audits	The Utility Bill Audits report shows the details of utility audits that have occurred.	Reports (AR & Payments)	Jessica Miller & Aasawari Naigaonkar	#ask-reporting-ar	Utilities	Reports	utility_audit	Utility Expense Management			Utilities (UEM/UEO/RU)	Tech-Enabled Services	
Utility Commodity	This report will take the expense or consumption for a property and break it out by month so that I can see the data I need to give to an energy broker to procure energy.	Reports (AR & Payments)	Jessica Miller & Aasawari Naigaonkar	#ask-reporting-ar	Utilities	Reports	utility_commodity	Utility Expense Management			Utilities (UEM/UEO/RU)	Tech-Enabled Services	
Unit Licenses	The Unit Licenses report enables you to see which licenses have been stored on a unit. All units are shown in the report, as well as the licenses, residents, and applicants assigned to the unit.	Reports (PaaS)	Kolby Henry	#ask-reporting-paas	Leasing	Reports	unit_licenses	No Product Requirement					
Utility Opportunity	This report will allow you to compare properties expense and consumption	Reports (AR & Payments)	Jessica Miller & Aasawari Naigaonkar	#ask-reporting-ar	Utilities	Reports	utility_opportunity	Utility Expense Management			Utilities (UEM/UEO/RU)	Tech-Enabled Services	
Utility Trend Report	The UtilityTrend report shows the trends of each utility account over a period of time.	Reports (AR & Payments)	Jessica Miller & Aasawari Naigaonkar	#ask-reporting-ar	Utilities	Reports	account_utility_trend	Utility Expense Management			Utilities (UEM/UEO/RU)	Tech-Enabled Services	
Utility Trends	This report will display the trending consumption and expense for utility commodities.	Reports (AR & Payments)	Jessica Miller & Aasawari Naigaonkar	#ask-reporting-ar	Utilities	Reports	utilities_trends	Utility Expense Management			Utilities (UEM/UEO/RU)	Tech-Enabled Services	
Vacant Unit Cost Management (VCM)	The Vacant Unit Cost Management (VCM) shows a quick view of what the high costs and potential leaks per vacant unit.	Reports (AR & Payments)	Jessica Miller & Aasawari Naigaonkar	#ask-reporting-ar	Utilities	Reports	vcr_high_vacant_unit	ResidentUtility			Utilities (UEM/UEO/RU)	Tech-Enabled Services	
VCR Only Recovery	The VCR Only Recovery report shows you a detailed list of what your vacant cost recovery is by unit and resident.	Reports (AR & Payments)	Jessica Miller & Aasawari Naigaonkar	#ask-reporting-ar	Utilities	Reports	vcr_only_recovery	No Product Requirement			Utilities (UEM/UEO/RU)	Tech-Enabled Services	
VCR Portfolio Performance	The VCR Portfolio Performance report gives a you a view of how your portfolio does with vacant cost recovery.	Reports (AR & Payments)	Jessica Miller & Aasawari Naigaonkar	#ask-reporting-ar	Utilities	Reports	vcr_portfolio_performance	ResidentUtility			Utilities (UEM/UEO/RU)	Tech-Enabled Services	
VCR Recovery	The VCR Recovery report shows you a detailed list of what your vacant cost recovery is by unit and resident.	Utilities Expense Recapture	Jeanine Miller	#ask-utilities-expense-recapture	Utilities	Reports	vcr_recovery	ResidentUtility			Utilities (UEM/UEO/RU)	Tech-Enabled Services	
Vendor Access Utilization	The VendorAccess Utilization report provides an overview of utilization of the VendorAccess tool across your vendors. It'll display the number missing information like Tax ID's, which have been invited to sign up, and what locations have been mapped.	Reports (AP GL & Facilities)	Kolby Henry	#ask-reporting-ap	Accounting	Core (AP)	vendor_access_utilization	Entrata Core, VendorAccess			Financial Operations - Vendors	Property Ops Experience	
Vendor Accounts	The purpose of this report is to provide clients with a place they can view Vendor Hopper Numbers without having to go into each vendor individually. This report can be downloaded and used to fill out form letters.	Reports (AP GL & Facilities)	Kolby Henry	#ask-reporting-ap	Accounting	Core (AP)	vendor_accounts	No Product Requirement			Financial Operations - Vendors	Property Ops Experience	
Vendor Contracts by Cost Code	This report gives our Job Costing users the ability to see cost code totals, with a breakdown by vendor for each code.	Reports (AP GL & Facilities)	Kolby Henry	#ask-reporting-ap	Accounting	Core (AP)	vendor_contracts_by_cost_code	Entrata Job Costing			Asset Operations - Budgeting and Job Costing	Property Ops Experience	
Vendor Details	The Vendor Details report displays general information about vendors.	Reports (AP GL & Facilities)	Kolby Henry	#ask-reporting-ap	Accounting	Core (AP)	vendor_details	Entrata Core			Financial Operations - Vendors	Property Ops Experience	
Vendor Exemptions	The Vendor Exemptions report shows which vendors are exempt from vendor compliance rules, and gives details on why they are exempt.	Reports (AP GL & Facilities)	Kolby Henry	#ask-reporting-ap	Accounting	Core (AP)	vendor_exemptions	No Product Requirement			Financial Operations - Vendors	Property Ops Experience	
Vendor Insurance	The Vendor Insurance report displays insurance policy information by vendor. The report is useful for reviewing vendor insurance policy information such as policy expiration and limit amounts.	Reports (AP GL & Facilities)	Kolby Henry	#ask-reporting-ap	Accounting	Core (AP)	vendor_insurance	Entrata Core			Financial Operations - Vendors	Property Ops Experience	
Vendor Invoice Details	The Vendor Invoice Details report provides summary or line item invoice information based on several user inputs such as vendor, date, and posting status.  The report is helpful for reviewing high level invoice information, as well as the GL account to which each invoice line item is booked.	Reports (AP GL & Facilities)	Kolby Henry	#ask-reporting-ap	Accounting	Core (AP)	vendor_invoice_details	Entrata Core	21-30		Financial Operations - Invoices	Property Ops Experience	
Vendor Ledger	The Vendor Ledger Report provides you with details on vendor invoice and payment transactions by vendor. The report is useful for viewing transaction history by vendor and determining vendor balances.	Reports (AP GL & Facilities)	Kolby Henry	#ask-reporting-ap	Accounting	Core (AP)	vendor_ledger	Entrata Core			Financial Operations - Vendors	Property Ops Experience	
Vendor Ledger (Non Core)	This report will allow non-Entrata Core users to view vendor ledger activity.	Reports (AP GL & Facilities)	Kolby Henry	#ask-reporting-ap	System	Core (AP)	vendor_ledger_non_core_integrations	No Product Requirement			Financial Operations - Vendors	Property Ops Experience	
Vendor Transactions by Month	This report provides a summary view of monthly invoice amounts by vendor. This report can be useful in determining trends and catching anomalies.	Reports (AP GL & Facilities)	Kolby Henry	#ask-reporting-ap	Accounting	Core (AP)	vendor_transactions_by_months	No Product Requirement			Financial Operations - Vendors	Property Ops Experience	
Vendor Transactions by Month (Non Core)	This report lists vendor activity summarized by month for non-Entrata Core users.	Reports (AP GL & Facilities)	Kolby Henry	#ask-reporting-ap	System	Core (AP)	vendor_transactions_by_month	Entrata Core			Financial Operations - Vendors	Property Ops Experience	
Violation Manager	This report shows a summary of the type and amount of resident violations that occur at a property. The detail view will give insight into violations for the period selected.	Reports (PaaS)	Kolby Henry	#ask-reporting-paas	Operations	Reports	violation_manager	Entrata Core			Resident Operations - Workflows	Property Ops Experience	
Wait List	The <strong>Wait List</strong> report allows you to download/print your applicant wait lists.  This report ties directly into the Leads >> Tools >> "View Wait List" tool.	Reports (PaaS)	Kolby Henry	#ask-reporting-paas	Operations	Reports	wait_list	Entrata Core, Entrata Affordable			Online Application	Leasing	
Warranty Tracking	The Warranty Tracking report allows you to quickly see warranty information for all of the company/property assets broken down by category or property. It is especially useful for tracking expiration dates.	Reports (AP GL & Facilities)	Kolby Henry	#ask-reporting-ap	Accounting	Core (AP)	warranty_tracking	Entrata Core			Asset Operations - Asset Optimization	Property Ops Experience	
Web Service Logs	Web Service Logs	Reports (PaaS)	Kolby Henry	#ask-reporting-paas	System	Reports	web_service_logs	No Product Requirement			Integration enablement: API Framework	Central Services & Data Management Platform	
Weekly Performance	The Weekly Performance Report is a high level report that will show a count of new leads, the type of first contact, and if a manual contact has been attempted on each of these leads. The detail view will show each lead listed on a separate line with each of the performed events listed. Report excludes Other Income profiles.	Reports (PaaS)	Kolby Henry	#ask-reporting-paas	Leasing	Reports	weekly_performance	No Product Requirement			Lead Management	Marketing	
Work Order Details	The Work Order Details report allows you to view various details on work orders in order to see the total days the work order was opened, the total cost of the work order as well as average days and cost of each work order. This will enable you to track trends on how long it takes work orders to be completed and their associated costs based on the property, work order category, assigned maintenance staff and individual problem.	Reports (AP GL & Facilities)	Kolby Henry	#ask-reporting-ap	Maintenance	Reports	work_order_details	No Product Requirement	11-20		Asset Operations - Facilities Management	Property Ops Experience	
Work Order Labor	The Work Order Labor report provides you with all labor charges from work orders for a user-defined property and period.	Reports (AP GL & Facilities)	Kolby Henry	#ask-reporting-ap	Maintenance	Reports	work_order_labor	No Product Requirement			Asset Operations - Facilities Management	Property Ops Experience	
Work Order Mileage	The Work Order Mileage report allows you to see how much mileage has been logged per work order.	Reports (AP GL & Facilities)	Kolby Henry	#ask-reporting-ap	Maintenance	Reports	work_order_mileage	No Product Requirement			Asset Operations - Facilities Management	Property Ops Experience	
Work Order Origin	The Work Order Origin Report allows properties to measure the number of work orders that are submitted through each source. Sources include: Entrata, Resident Portal, Integration, Mobile Portal, Site Tablet, Leasing Center, and Inspection Manager.	Reports (AP GL & Facilities)	Kolby Henry	#ask-reporting-ap	Maintenance	Reports	work_order_origin	No Product Requirement			Asset Operations - Facilities Management	Property Ops Experience	
Work Order Performance	The Work Order Performance report is a military report that looks at how many work orders were received in a given period and what the response rate was and the completion rate. The report is also looking at the total work orders carried over from the last period.	Reports (AP GL & Facilities)	Kolby Henry	#ask-reporting-ap	Maintenance	Reports	work_order_performance	Entrata Core, ResidentPortal, Facilities Management			Asset Operations - Facilities Management	Property Ops Experience	
Work Order Satisfaction	The Work Order Satisfaction report will show the results of the work order surveys that are sent out to residents who recently had a work order completed.	Reports (AP GL & Facilities)	Kolby Henry	#ask-reporting-ap	Maintenance	Reports	work_order_satisfaction	No Product Requirement			Asset Operations - Facilities Management	Property Ops Experience	
Work Order Satisfaction Surveys	This report displays all surveys sent to residents after a work order has been completed, and provides pertinent details about the WO and residents.	Reports (AP GL & Facilities)	Kolby Henry	#ask-reporting-ap	Maintenance	Reports	work_order_satisfaction_surveys	No Product Requirement			Asset Operations - Facilities Management	Property Ops Experience	
Work Order Summary	Work Order Summary Report will give you a high level summary of work orders opened, canceled, completed, and pending within a defined period of time.	Reports (AP GL & Facilities)	Kolby Henry	#ask-reporting-ap	Maintenance	Reports	work_order_summary	No Product Requirement			Asset Operations - Facilities Management	Property Ops Experience	
Write-Off Recovery	This report will show information regarding write-off recovery activity in the chosen period of time.  This will allow clients to determine how much has been recovered and when for commision purposes if collections are done internally.	Reports (AR & Payments)	Jessica Miller & Aasawari Naigaonkar	#ask-reporting-ar	Operations	Reports	write-off_recovery	Entrata Core			Financial Operations - Revenue Protection	Property Ops Experience	
YTD Actual + Remaining Forecast	This report displays the Year to Date actual amounts along with the remaining amount forecasted for the period selected.	Reports (AP GL & Facilities)	Kolby Henry	#ask-reporting-ap	Accounting	Reports	ytd_actual_+_remaining_forecast	Advanced Budgeting			Advanced Budgeting		
